x,y,height,mapped_zone,kmeans_label,local_db,local_db_code,kmeans4_label,merged_label,merged_label_height,merged_group,final_cluster
0,0,1.05,1,1,cluster_1_0,0,1,1,1,cluster_1,cluster_1
0,1,1.43,1,1,cluster_1_0,0,1,1,1,cluster_1,cluster_1
0,2,1.19,1,1,cluster_1_0,0,1,1,1,cluster_1,cluster_1
0,3,1.03,1,1,cluster_1_0,0,1,1,1,cluster_1,cluster_1
0,4,1.36,1,1,cluster_1_0,0,1,1,1,cluster_1,cluster_1
0,5,1.41,1,1,cluster_1_0,0,1,1,1,cluster_1,cluster_1
0,6,0.91,1,1,cluster_1_0,0,1,1,1,cluster_1,cluster_1
0,7,0.41,1,1,cluster_1_0,0,1,1,1,cluster_1,cluster_1
0,8,1.4,1,1,cluster_1_0,0,1,1,1,cluster_1,cluster_1
0,9,1.48,1,1,cluster_1_0,0,1,1,1,cluster_1,cluster_1
0,10,1.05,1,1,cluster_1_0,0,1,1,1,cluster_1,cluster_1
0,11,1.23,1,1,cluster_1_0,0,1,1,1,cluster_1,cluster_1
0,12,1.09,1,1,cluster_1_0,0,1,1,1,cluster_1,cluster_1
0,13,0.99,1,1,cluster_1_0,0,1,1,1,cluster_1,cluster_1
0,14,1.24,1,1,cluster_1_0,0,1,1,1,cluster_1,cluster_1
0,15,1.15,1,1,cluster_1_0,0,1,1,1,cluster_1,cluster_1
0,16,0.89,1,1,cluster_1_0,0,1,1,1,cluster_1,cluster_1
0,17,2.0,0,0,floor_2_0,1,0,0,0,floor_2,floor_2
0,18,2.97,0,0,floor_2_0,1,0,0,0,floor_2,floor_2
0,19,2.0,0,0,floor_2_0,1,0,0,0,floor_2,floor_2
0,20,2.79,0,0,floor_2_0,1,0,0,0,floor_2,floor_2
0,21,2.67,0,0,floor_2_0,1,0,0,0,floor_2,floor_2
0,22,2.4,0,0,floor_2_0,1,0,0,0,floor_2,floor_2
0,23,1.86,0,0,floor_2_0,1,0,0,0,floor_2,floor_2
0,24,1.65,0,0,floor_2_0,1,0,0,0,floor_2,floor_2
0,25,1.8,0,0,floor_2_0,1,0,0,0,floor_2,floor_2
0,26,2.12,0,0,floor_2_0,1,0,0,0,floor_2,floor_2
0,27,2.87,0,0,floor_2_0,1,0,0,0,floor_2,floor_2
0,28,2.91,0,0,floor_2_0,1,0,0,0,floor_2,floor_2
0,29,2.5,0,0,floor_2_0,1,0,0,0,floor_2,floor_2
0,30,2.29,0,0,floor_2_0,1,0,0,0,floor_2,floor_2
0,31,2.84,0,0,floor_2_0,1,0,0,0,floor_2,floor_2
0,32,2.42,0,0,floor_2_0,1,0,0,0,floor_2,floor_2
0,33,1.52,0,0,floor_2_0,1,0,0,0,floor_2,floor_2
0,34,2.93,0,0,floor_2_0,1,0,0,0,floor_2,floor_2
0,35,1.64,0,0,floor_2_0,1,0,0,0,floor_2,floor_2
0,36,1.68,0,0,floor_2_0,1,0,0,0,floor_2,floor_2
0,37,2.59,0,0,floor_2_0,1,0,0,0,floor_2,floor_2
0,38,2.83,0,0,floor_2_0,1,0,0,0,floor_2,floor_2
0,39,2.52,0,0,floor_2_0,1,0,0,0,floor_2,floor_2
1,0,0.94,1,1,cluster_1_0,0,1,1,1,cluster_1,cluster_1
1,1,0.76,1,1,cluster_1_0,0,1,1,1,cluster_1,cluster_1
1,2,0.59,1,1,cluster_1_0,0,1,1,1,cluster_1,cluster_1
1,3,1.25,1,1,cluster_1_0,0,1,1,1,cluster_1,cluster_1
1,4,1.39,1,1,cluster_1_0,0,1,1,1,cluster_1,cluster_1
1,5,1.44,1,1,cluster_1_0,0,1,1,1,cluster_1,cluster_1
1,6,0.67,1,1,cluster_1_0,0,1,1,1,cluster_1,cluster_1
1,7,0.9,1,1,cluster_1_0,0,1,1,1,cluster_1,cluster_1
1,8,0.38,1,1,cluster_1_0,0,1,1,1,cluster_1,cluster_1
1,9,1.33,1,1,cluster_1_0,0,1,1,1,cluster_1,cluster_1
1,10,1.21,1,1,cluster_1_0,0,1,1,1,cluster_1,cluster_1
1,11,1.18,1,1,cluster_1_0,0,1,1,1,cluster_1,cluster_1
1,12,1.33,1,1,cluster_1_0,0,1,1,1,cluster_1,cluster_1
1,13,1.36,1,1,cluster_1_0,0,1,1,1,cluster_1,cluster_1
1,14,1.23,1,1,cluster_1_0,0,1,1,1,cluster_1,cluster_1
1,15,1.18,1,1,cluster_1_0,0,1,1,1,cluster_1,cluster_1
1,16,1.97,0,0,floor_2_0,1,0,0,0,floor_2,floor_2
1,17,2.48,0,0,floor_2_0,1,0,0,0,floor_2,floor_2
1,18,2.21,0,0,floor_2_0,1,0,0,0,floor_2,floor_2
1,19,2.47,0,0,floor_2_0,1,0,0,0,floor_2,floor_2
1,20,2.31,0,0,floor_2_0,1,0,0,0,floor_2,floor_2
1,21,2.65,0,0,floor_2_0,1,0,0,0,floor_2,floor_2
1,22,2.23,0,0,floor_2_0,1,0,0,0,floor_2,floor_2
1,23,2.15,0,0,floor_2_0,1,0,0,0,floor_2,floor_2
1,24,1.95,0,0,floor_2_0,1,0,0,0,floor_2,floor_2
1,25,2.01,0,0,floor_2_0,1,0,0,0,floor_2,floor_2
1,26,2.48,0,0,floor_2_0,1,0,0,0,floor_2,floor_2
1,27,1.62,0,0,floor_2_0,1,0,0,0,floor_2,floor_2
1,28,2.59,0,0,floor_2_0,1,0,0,0,floor_2,floor_2
1,29,2.67,0,0,floor_2_0,1,0,0,0,floor_2,floor_2
1,30,2.0,0,0,floor_2_0,1,0,0,0,floor_2,floor_2
1,31,1.93,0,0,floor_2_0,1,0,0,0,floor_2,floor_2
1,32,1.54,0,0,floor_2_0,1,0,0,0,floor_2,floor_2
1,33,1.88,0,0,floor_2_0,1,0,0,0,floor_2,floor_2
1,34,2.84,0,0,floor_2_0,1,0,0,0,floor_2,floor_2
1,35,2.25,0,0,floor_2_0,1,0,0,0,floor_2,floor_2
1,36,2.4,0,0,floor_2_0,1,0,0,0,floor_2,floor_2
1,37,1.69,0,0,floor_2_0,1,0,0,0,floor_2,floor_2
1,38,2.31,0,0,floor_2_0,1,0,0,0,floor_2,floor_2
1,39,1.76,0,0,floor_2_0,1,0,0,0,floor_2,floor_2
2,0,1.43,1,1,cluster_1_0,0,1,1,1,cluster_1,cluster_1
2,1,0.91,1,1,cluster_1_0,0,1,1,1,cluster_1,cluster_1
2,2,1.06,1,1,cluster_1_0,0,1,1,1,cluster_1,cluster_1
2,3,1.35,1,1,cluster_1_0,0,1,1,1,cluster_1,cluster_1
2,4,1.34,1,1,cluster_1_0,0,1,1,1,cluster_1,cluster_1
2,5,1.1,1,1,cluster_1_0,0,1,1,1,cluster_1,cluster_1
2,6,1.25,1,1,cluster_1_0,0,1,1,1,cluster_1,cluster_1
2,7,0.64,1,1,cluster_1_0,0,1,1,1,cluster_1,cluster_1
2,8,1.01,1,1,cluster_1_0,0,1,1,1,cluster_1,cluster_1
2,9,1.21,1,1,cluster_1_0,0,1,1,1,cluster_1,cluster_1
2,10,1.37,1,1,cluster_1_0,0,1,1,1,cluster_1,cluster_1
2,11,1.29,1,1,cluster_1_0,0,1,1,1,cluster_1,cluster_1
2,12,1.41,1,1,cluster_1_0,0,1,1,1,cluster_1,cluster_1
2,13,1.09,1,1,cluster_1_0,0,1,1,1,cluster_1,cluster_1
2,14,0.75,1,1,cluster_1_0,0,1,1,1,cluster_1,cluster_1
2,15,0.55,1,1,cluster_1_0,0,1,1,1,cluster_1,cluster_1
2,16,2.06,0,0,floor_2_0,1,0,0,0,floor_2,floor_2
2,17,1.76,0,0,floor_2_0,1,0,0,0,floor_2,floor_2
2,18,2.18,0,0,floor_2_0,1,0,0,0,floor_2,floor_2
2,19,2.6,0,0,floor_2_0,1,0,0,0,floor_2,floor_2
2,20,1.84,0,0,floor_2_0,1,0,0,0,floor_2,floor_2
2,21,2.18,0,0,floor_2_0,1,0,0,0,floor_2,floor_2
2,22,2.54,0,0,floor_2_0,1,0,0,0,floor_2,floor_2
2,23,2.51,0,0,floor_2_0,1,0,0,0,floor_2,floor_2
2,24,2.27,0,0,floor_2_0,1,0,0,0,floor_2,floor_2
2,25,1.51,0,0,floor_2_0,1,0,0,0,floor_2,floor_2
2,26,2.67,0,0,floor_2_0,1,0,0,0,floor_2,floor_2
2,27,2.48,0,0,floor_2_0,1,0,0,0,floor_2,floor_2
2,28,2.06,0,0,floor_2_0,1,0,0,0,floor_2,floor_2
2,29,2.66,0,0,floor_2_0,1,0,0,0,floor_2,floor_2
2,30,2.37,0,0,floor_2_0,1,0,0,0,floor_2,floor_2
2,31,2.05,0,0,floor_2_0,1,0,0,0,floor_2,floor_2
2,32,2.59,0,0,floor_2_0,1,0,0,0,floor_2,floor_2
2,33,2.17,0,0,floor_2_0,1,0,0,0,floor_2,floor_2
2,34,2.45,0,0,floor_2_0,1,0,0,0,floor_2,floor_2
2,35,1.75,0,0,floor_2_0,1,0,0,0,floor_2,floor_2
2,36,1.87,0,0,floor_2_0,1,0,0,0,floor_2,floor_2
2,37,2.77,0,0,floor_2_0,1,0,0,0,floor_2,floor_2
2,38,2.54,0,0,floor_2_0,1,0,0,0,floor_2,floor_2
2,39,1.84,0,0,floor_2_0,1,0,0,0,floor_2,floor_2
3,0,1.19,1,1,cluster_1_0,0,1,1,1,cluster_1,cluster_1
3,1,1.19,1,1,cluster_1_0,0,1,1,1,cluster_1,cluster_1
3,2,1.06,1,1,cluster_1_0,0,1,1,1,cluster_1,cluster_1
3,3,1.22,1,1,cluster_1_0,0,1,1,1,cluster_1,cluster_1
3,4,0.73,1,1,cluster_1_0,0,1,1,1,cluster_1,cluster_1
3,5,1.08,1,1,cluster_1_0,0,1,1,1,cluster_1,cluster_1
3,6,1.31,1,1,cluster_1_0,0,1,1,1,cluster_1,cluster_1
3,7,1.31,1,1,cluster_1_0,0,1,1,1,cluster_1,cluster_1
3,8,1.49,1,1,cluster_1_0,0,1,1,1,cluster_1,cluster_1
3,9,1.37,1,1,cluster_1_0,0,1,1,1,cluster_1,cluster_1
3,10,1.06,1,1,cluster_1_0,0,1,1,1,cluster_1,cluster_1
3,11,1.17,1,1,cluster_1_0,0,1,1,1,cluster_1,cluster_1
3,12,1.46,1,1,cluster_1_0,0,1,1,1,cluster_1,cluster_1
3,13,1.14,1,1,cluster_1_0,0,1,1,1,cluster_1,cluster_1
3,14,0.72,1,1,cluster_1_0,0,1,1,1,cluster_1,cluster_1
3,15,2.93,0,0,floor_2_0,1,0,0,0,floor_2,floor_2
3,16,2.94,0,0,floor_2_0,1,0,0,0,floor_2,floor_2
3,17,2.97,0,0,floor_2_0,1,0,0,0,floor_2,floor_2
3,18,2.13,0,0,floor_2_0,1,0,0,0,floor_2,floor_2
3,19,1.67,0,0,floor_2_0,1,0,0,0,floor_2,floor_2
3,20,2.55,0,0,floor_2_0,1,0,0,0,floor_2,floor_2
3,21,2.88,0,0,floor_2_0,1,0,0,0,floor_2,floor_2
3,22,1.74,0,0,floor_2_0,1,0,0,0,floor_2,floor_2
3,23,2.67,0,0,floor_2_0,1,0,0,0,floor_2,floor_2
3,24,1.88,0,0,floor_2_0,1,0,0,0,floor_2,floor_2
3,25,1.97,0,0,floor_2_0,1,0,0,0,floor_2,floor_2
3,26,2.44,0,0,floor_2_0,1,0,0,0,floor_2,floor_2
3,27,2.39,0,0,floor_2_0,1,0,0,0,floor_2,floor_2
3,28,1.6,0,0,floor_2_0,1,0,0,0,floor_2,floor_2
3,29,2.67,0,0,floor_2_0,1,0,0,0,floor_2,floor_2
3,30,2.38,0,0,floor_2_0,1,0,0,0,floor_2,floor_2
3,31,2.41,0,0,floor_2_0,1,0,0,0,floor_2,floor_2
3,32,1.56,0,0,floor_2_0,1,0,0,0,floor_2,floor_2
3,33,1.93,0,0,floor_2_0,1,0,0,0,floor_2,floor_2
3,34,2.46,0,0,floor_2_0,1,0,0,0,floor_2,floor_2
3,35,2.05,0,0,floor_2_0,1,0,0,0,floor_2,floor_2
3,36,2.49,0,0,floor_2_0,1,0,0,0,floor_2,floor_2
3,37,2.56,0,0,floor_2_0,1,0,0,0,floor_2,floor_2
3,38,2.57,0,0,floor_2_0,1,0,0,0,floor_2,floor_2
3,39,2.12,0,0,floor_2_0,1,0,0,0,floor_2,floor_2
4,0,1.36,1,1,cluster_1_0,0,1,1,1,cluster_1,cluster_1
4,1,1.41,1,1,cluster_1_0,0,1,1,1,cluster_1,cluster_1
4,2,1.38,1,1,cluster_1_0,0,1,1,1,cluster_1,cluster_1
4,3,1.04,1,1,cluster_1_0,0,1,1,1,cluster_1,cluster_1
4,4,1.24,1,1,cluster_1_0,0,1,1,1,cluster_1,cluster_1
4,5,0.99,1,1,cluster_1_0,0,1,1,1,cluster_1,cluster_1
4,6,0.88,1,1,cluster_1_0,0,1,1,1,cluster_1,cluster_1
4,7,0.85,1,1,cluster_1_0,0,1,1,1,cluster_1,cluster_1
4,8,0.87,1,1,cluster_1_0,0,1,1,1,cluster_1,cluster_1
4,9,0.76,1,1,cluster_1_0,0,1,1,1,cluster_1,cluster_1
4,10,0.71,1,1,cluster_1_0,0,1,1,1,cluster_1,cluster_1
4,11,1.28,1,1,cluster_1_0,0,1,1,1,cluster_1,cluster_1
4,12,1.49,1,1,cluster_1_0,0,1,1,1,cluster_1,cluster_1
4,13,1.14,1,1,cluster_1_0,0,1,1,1,cluster_1,cluster_1
4,14,1.53,1,1,cluster_1_0,0,1,1,1,cluster_1,cluster_1
4,15,1.76,1,1,cluster_1_0,0,1,1,1,cluster_1,cluster_1
4,16,1.59,1,1,cluster_1_0,0,1,1,1,cluster_1,cluster_1
4,17,1.72,0,0,floor_2_0,1,0,0,0,floor_2,floor_2
4,18,1.85,0,0,floor_2_0,1,0,0,0,floor_2,floor_2
4,19,1.85,0,0,floor_2_0,1,0,0,0,floor_2,floor_2
4,20,1.81,0,0,floor_2_0,1,0,0,0,floor_2,floor_2
4,21,1.67,0,0,floor_2_0,1,0,0,0,floor_2,floor_2
4,22,2.19,0,0,floor_2_0,1,0,0,0,floor_2,floor_2
4,23,2.31,0,0,floor_2_0,1,0,0,0,floor_2,floor_2
4,24,2.26,0,0,floor_2_0,1,0,0,0,floor_2,floor_2
4,25,2.26,0,0,floor_2_0,1,0,0,0,floor_2,floor_2
4,26,2.37,0,0,floor_2_0,1,0,0,0,floor_2,floor_2
4,27,2.18,0,0,floor_2_0,1,0,0,0,floor_2,floor_2
4,28,2.55,0,0,floor_2_0,1,0,0,0,floor_2,floor_2
4,29,1.91,0,0,floor_2_0,1,0,0,0,floor_2,floor_2
4,30,2.26,0,0,floor_2_0,1,0,0,0,floor_2,floor_2
4,31,2.05,0,0,floor_2_0,1,0,0,0,floor_2,floor_2
4,32,1.75,0,0,floor_2_0,1,0,0,0,floor_2,floor_2
4,33,2.63,0,0,floor_2_0,1,0,0,0,floor_2,floor_2
4,34,1.73,0,0,floor_2_0,1,0,0,0,floor_2,floor_2
4,35,2.49,0,0,floor_2_0,1,0,0,0,floor_2,floor_2
4,36,2.34,0,0,floor_2_0,1,0,0,0,floor_2,floor_2
4,37,2.39,0,0,floor_2_0,1,0,0,0,floor_2,floor_2
4,38,1.77,0,0,floor_2_0,1,0,0,0,floor_2,floor_2
4,39,2.4,0,0,floor_2_0,1,0,0,0,floor_2,floor_2
5,0,1.34,1,1,cluster_1_0,0,1,1,1,cluster_1,cluster_1
5,1,1.07,1,1,cluster_1_0,0,1,1,1,cluster_1,cluster_1
5,2,1.47,1,1,cluster_1_0,0,1,1,1,cluster_1,cluster_1
5,3,1.43,1,1,cluster_1_0,0,1,1,1,cluster_1,cluster_1
5,4,1.4,1,1,cluster_1_0,0,1,1,1,cluster_1,cluster_1
5,5,1.46,1,1,cluster_1_0,0,1,1,1,cluster_1,cluster_1
5,6,0.96,1,1,cluster_1_0,0,1,1,1,cluster_1,cluster_1
5,7,1.23,1,1,cluster_1_0,0,1,1,1,cluster_1,cluster_1
5,8,1.48,1,1,cluster_1_0,0,1,1,1,cluster_1,cluster_1
5,9,1.06,1,1,cluster_1_0,0,1,1,1,cluster_1,cluster_1
5,10,1.22,1,1,cluster_1_0,0,1,1,1,cluster_1,cluster_1
5,11,1.37,1,1,cluster_1_0,0,1,1,1,cluster_1,cluster_1
5,12,1.34,1,1,cluster_1_0,0,1,1,1,cluster_1,cluster_1
5,13,1.4,1,1,cluster_1_0,0,1,1,1,cluster_1,cluster_1
5,14,1.66,1,1,cluster_1_0,0,1,1,1,cluster_1,cluster_1
5,15,2.18,0,0,floor_2_0,1,0,0,0,floor_2,floor_2
5,16,2.58,0,0,floor_2_0,1,0,0,0,floor_2,floor_2
5,17,2.03,0,0,floor_2_0,1,0,0,0,floor_2,floor_2
5,18,1.63,0,0,floor_2_0,1,0,0,0,floor_2,floor_2
5,19,2.73,0,0,floor_2_0,1,0,0,0,floor_2,floor_2
5,20,1.75,0,0,floor_2_0,1,0,0,0,floor_2,floor_2
5,21,2.44,0,0,floor_2_0,1,0,0,0,floor_2,floor_2
5,22,2.39,0,0,floor_2_0,1,0,0,0,floor_2,floor_2
5,23,1.56,0,0,floor_2_0,1,0,0,0,floor_2,floor_2
5,24,2.02,0,0,floor_2_0,1,0,0,0,floor_2,floor_2
5,25,2.93,0,0,floor_2_0,1,0,0,0,floor_2,floor_2
5,26,2.05,0,0,floor_2_0,1,0,0,0,floor_2,floor_2
5,27,2.19,0,0,floor_2_0,1,0,0,0,floor_2,floor_2
5,28,1.9,0,0,floor_2_0,1,0,0,0,floor_2,floor_2
5,29,1.88,0,0,floor_2_0,1,0,0,0,floor_2,floor_2
5,30,2.86,0,0,floor_2_0,1,0,0,0,floor_2,floor_2
5,31,2.35,0,0,floor_2_0,1,0,0,0,floor_2,floor_2
5,32,2.59,0,0,floor_2_0,1,0,0,0,floor_2,floor_2
5,33,5.04,2,2,cluster_2_0,2,2,2,2,cluster_2,cluster_2
5,34,4.24,2,2,cluster_2_1,3,2,2,2,cluster_2,cluster_2
5,35,2.6,0,0,floor_2_0,1,0,0,0,floor_2,floor_2
5,36,2.14,0,0,floor_2_0,1,0,0,0,floor_2,floor_2
5,37,2.19,0,0,floor_2_0,1,0,0,0,floor_2,floor_2
5,38,2.32,0,0,floor_2_0,1,0,0,0,floor_2,floor_2
5,39,1.88,0,0,floor_2_0,1,0,0,0,floor_2,floor_2
6,0,1.15,1,1,cluster_1_0,0,1,1,1,cluster_1,cluster_1
6,1,0.65,1,1,cluster_1_0,0,1,1,1,cluster_1,cluster_1
6,2,1.11,1,1,cluster_1_0,0,1,1,1,cluster_1,cluster_1
6,3,1.32,1,1,cluster_1_0,0,1,1,1,cluster_1,cluster_1
6,4,1.45,1,1,cluster_1_0,0,1,1,1,cluster_1,cluster_1
6,5,0.66,1,1,cluster_1_0,0,1,1,1,cluster_1,cluster_1
6,6,1.11,1,1,cluster_1_0,0,1,1,1,cluster_1,cluster_1
6,7,1.1,1,1,cluster_1_0,0,1,1,1,cluster_1,cluster_1
6,8,1.29,1,1,cluster_1_0,0,1,1,1,cluster_1,cluster_1
6,9,1.35,1,1,cluster_1_0,0,1,1,1,cluster_1,cluster_1
6,10,1.37,1,1,cluster_1_0,0,1,1,1,cluster_1,cluster_1
6,11,0.58,1,1,cluster_1_0,0,1,1,1,cluster_1,cluster_1
6,12,1.43,1,1,cluster_1_0,0,1,1,1,cluster_1,cluster_1
6,13,1.78,1,1,cluster_1_0,0,1,1,1,cluster_1,cluster_1
6,14,2.03,1,1,cluster_1_0,0,1,1,1,cluster_1,cluster_1
6,15,1.99,0,0,floor_2_0,1,0,0,0,floor_2,floor_2
6,16,2.36,0,0,floor_2_0,1,0,0,0,floor_2,floor_2
6,17,1.85,0,0,floor_2_0,1,0,0,0,floor_2,floor_2
6,18,2.63,0,0,floor_2_0,1,0,0,0,floor_2,floor_2
6,19,2.39,0,0,floor_2_0,1,0,0,0,floor_2,floor_2
6,20,1.63,0,0,floor_2_0,1,0,0,0,floor_2,floor_2
6,21,2.08,0,0,floor_2_0,1,0,0,0,floor_2,floor_2
6,22,1.85,0,0,floor_2_0,1,0,0,0,floor_2,floor_2
6,23,1.67,0,0,floor_2_0,1,0,0,0,floor_2,floor_2
6,24,2.94,0,0,floor_2_0,1,0,0,0,floor_2,floor_2
6,25,2.81,0,0,floor_2_0,1,0,0,0,floor_2,floor_2
6,26,1.72,0,0,floor_2_0,1,0,0,0,floor_2,floor_2
6,27,1.74,0,0,floor_2_0,1,0,0,0,floor_2,floor_2
6,28,1.93,0,0,floor_2_0,1,0,0,0,floor_2,floor_2
6,29,1.91,0,0,floor_2_0,1,0,0,0,floor_2,floor_2
6,30,2.19,0,0,floor_2_0,1,0,0,0,floor_2,floor_2
6,31,1.58,0,0,floor_2_0,1,0,0,0,floor_2,floor_2
6,32,1.59,0,0,floor_2_0,1,0,0,0,floor_2,floor_2
6,33,3.15,0,0,floor_2_0,1,0,0,0,floor_2,floor_2
6,34,3.73,2,2,cluster_2_1,3,2,2,2,cluster_2,cluster_2
6,35,3.79,2,2,cluster_2_1,3,2,2,2,cluster_2,cluster_2
6,36,1.88,0,0,floor_2_0,1,0,0,0,floor_2,floor_2
6,37,1.58,0,0,floor_2_0,1,0,0,0,floor_2,floor_2
6,38,2.14,0,0,floor_2_0,1,0,0,0,floor_2,floor_2
6,39,1.92,0,0,floor_2_0,1,0,0,0,floor_2,floor_2
7,0,1.48,1,1,cluster_1_0,0,1,1,1,cluster_1,cluster_1
7,1,2.27,1,1,cluster_1_-1,4,1,1,1,cluster_1,outlier
7,2,1.18,1,1,cluster_1_0,0,1,1,1,cluster_1,cluster_1
7,3,1.37,1,1,cluster_1_0,0,1,1,1,cluster_1,cluster_1
7,4,1.34,1,1,cluster_1_0,0,1,1,1,cluster_1,cluster_1
7,5,1.47,1,1,cluster_1_0,0,1,1,1,cluster_1,cluster_1
7,6,1.37,1,1,cluster_1_0,0,1,1,1,cluster_1,cluster_1
7,7,0.74,1,1,cluster_1_0,0,1,1,1,cluster_1,cluster_1
7,8,1.29,1,1,cluster_1_0,0,1,1,1,cluster_1,cluster_1
7,9,0.91,1,1,cluster_1_0,0,1,1,1,cluster_1,cluster_1
7,10,1.47,1,1,cluster_1_0,0,1,1,1,cluster_1,cluster_1
7,11,2.12,1,1,cluster_1_0,0,1,1,1,cluster_1,cluster_1
7,12,0.99,1,1,cluster_1_0,0,1,1,1,cluster_1,cluster_1
7,13,2.63,0,0,floor_2_0,1,0,0,0,floor_2,floor_2
7,14,2.98,0,0,floor_2_0,1,0,0,0,floor_2,floor_2
7,15,1.88,1,1,cluster_1_0,0,1,1,1,cluster_1,cluster_1
7,16,1.82,1,1,cluster_1_0,0,1,1,1,cluster_1,cluster_1
7,17,1.97,0,0,floor_2_0,1,0,0,0,floor_2,floor_2
7,18,2.79,0,0,floor_2_0,1,0,0,0,floor_2,floor_2
7,19,1.63,0,0,floor_2_0,1,0,0,0,floor_2,floor_2
7,20,2.91,0,0,floor_2_0,1,0,0,0,floor_2,floor_2
7,21,1.93,0,0,floor_2_0,1,0,0,0,floor_2,floor_2
7,22,1.75,0,0,floor_2_0,1,0,0,0,floor_2,floor_2
7,23,1.87,0,0,floor_2_0,1,0,0,0,floor_2,floor_2
7,24,2.13,0,0,floor_2_0,1,0,0,0,floor_2,floor_2
7,25,2.18,0,0,floor_2_0,1,0,0,0,floor_2,floor_2
7,26,2.04,0,0,floor_2_0,1,0,0,0,floor_2,floor_2
7,27,1.77,0,0,floor_2_0,1,0,0,0,floor_2,floor_2
7,28,2.81,0,0,floor_2_0,1,0,0,0,floor_2,floor_2
7,29,2.35,0,0,floor_2_0,1,0,0,0,floor_2,floor_2
7,30,1.75,0,0,floor_2_0,1,0,0,0,floor_2,floor_2
7,31,2.42,0,0,floor_2_0,1,0,0,0,floor_2,floor_2
7,32,2.22,0,0,floor_2_0,1,0,0,0,floor_2,floor_2
7,33,3.68,2,2,cluster_2_1,3,2,2,2,cluster_2,cluster_2
7,34,4.09,2,2,cluster_2_1,3,2,2,2,cluster_2,cluster_2
7,35,5.11,2,2,cluster_2_0,2,2,2,2,cluster_2,cluster_2
7,36,2.5,0,0,floor_2_0,1,0,0,0,floor_2,floor_2
7,37,2.42,0,0,floor_2_0,1,0,0,0,floor_2,floor_2
7,38,2.73,0,0,floor_2_0,1,0,0,0,floor_2,floor_2
7,39,1.86,0,0,floor_2_0,1,0,0,0,floor_2,floor_2
8,0,1.28,1,1,cluster_1_0,0,1,1,1,cluster_1,cluster_1
8,1,1.32,1,1,cluster_1_0,0,1,1,1,cluster_1,cluster_1
8,2,1.15,1,1,cluster_1_0,0,1,1,1,cluster_1,cluster_1
8,3,1.19,1,1,cluster_1_0,0,1,1,1,cluster_1,cluster_1
8,4,1.06,1,1,cluster_1_0,0,1,1,1,cluster_1,cluster_1
8,5,1.17,1,1,cluster_1_0,0,1,1,1,cluster_1,cluster_1
8,6,1.39,1,1,cluster_1_0,0,1,1,1,cluster_1,cluster_1
8,7,1.43,1,1,cluster_1_0,0,1,1,1,cluster_1,cluster_1
8,8,1.39,1,1,cluster_1_0,0,1,1,1,cluster_1,cluster_1
8,9,1.12,1,1,cluster_1_0,0,1,1,1,cluster_1,cluster_1
8,10,1.18,1,1,cluster_1_0,0,1,1,1,cluster_1,cluster_1
8,11,2.82,3,3,floor_2_0,1,3,1,1,floor_2,floor_2
8,12,1.89,1,1,cluster_1_0,0,1,1,1,cluster_1,cluster_1
8,13,1.77,1,1,cluster_1_0,0,1,1,1,cluster_1,cluster_1
8,14,2.84,0,0,floor_2_0,1,0,0,0,floor_2,floor_2
8,15,1.62,1,1,cluster_1_0,0,1,1,1,cluster_1,cluster_1
8,16,1.52,1,1,cluster_1_0,0,1,1,1,cluster_1,cluster_1
8,17,1.58,1,1,cluster_1_0,0,1,1,1,cluster_1,cluster_1
8,18,1.9,0,0,floor_2_0,1,0,0,0,floor_2,floor_2
8,19,2.86,0,0,floor_2_0,1,0,0,0,floor_2,floor_2
8,20,2.28,0,0,floor_2_0,1,0,0,0,floor_2,floor_2
8,21,1.64,0,0,floor_2_0,1,0,0,0,floor_2,floor_2
8,22,1.82,0,0,floor_2_0,1,0,0,0,floor_2,floor_2
8,23,2.8,0,0,floor_2_0,1,0,0,0,floor_2,floor_2
8,24,1.6,0,0,floor_2_0,1,0,0,0,floor_2,floor_2
8,25,1.77,0,0,floor_2_0,1,0,0,0,floor_2,floor_2
8,26,2.42,0,0,floor_2_0,1,0,0,0,floor_2,floor_2
8,27,2.12,0,0,floor_2_0,1,0,0,0,floor_2,floor_2
8,28,2.23,0,0,floor_2_0,1,0,0,0,floor_2,floor_2
8,29,1.75,0,0,floor_2_0,1,0,0,0,floor_2,floor_2
8,30,1.99,0,0,floor_2_0,1,0,0,0,floor_2,floor_2
8,31,1.59,0,0,floor_2_0,1,0,0,0,floor_2,floor_2
8,32,2.74,0,0,floor_2_0,1,0,0,0,floor_2,floor_2
8,33,5.01,2,2,cluster_2_0,2,2,2,2,cluster_2,cluster_2
8,34,3.46,2,2,cluster_2_1,3,2,2,2,cluster_2,cluster_2
8,35,3.43,2,2,cluster_2_1,3,2,2,2,cluster_2,cluster_2
8,36,2.49,0,0,floor_2_0,1,0,0,0,floor_2,floor_2
8,37,2.06,0,0,floor_2_0,1,0,0,0,floor_2,floor_2
8,38,2.75,0,0,floor_2_0,1,0,0,0,floor_2,floor_2
8,39,2.02,0,0,floor_2_0,1,0,0,0,floor_2,floor_2
9,0,1.15,1,1,cluster_1_0,0,1,1,1,cluster_1,cluster_1
9,1,1.47,1,1,cluster_1_0,0,1,1,1,cluster_1,cluster_1
9,2,0.9,1,1,cluster_1_0,0,1,1,1,cluster_1,cluster_1
9,3,1.26,1,1,cluster_1_0,0,1,1,1,cluster_1,cluster_1
9,4,1.3,1,1,cluster_1_0,0,1,1,1,cluster_1,cluster_1
9,5,1.23,1,1,cluster_1_0,0,1,1,1,cluster_1,cluster_1
9,6,1.47,1,1,cluster_1_0,0,1,1,1,cluster_1,cluster_1
9,7,1.14,1,1,cluster_1_0,0,1,1,1,cluster_1,cluster_1
9,8,1.29,1,1,cluster_1_0,0,1,1,1,cluster_1,cluster_1
9,9,1.44,1,1,cluster_1_0,0,1,1,1,cluster_1,cluster_1
9,10,1.29,1,1,cluster_1_0,0,1,1,1,cluster_1,cluster_1
9,11,1.56,1,1,cluster_1_0,0,1,1,1,cluster_1,cluster_1
9,12,2.44,3,3,floor_2_0,1,3,1,1,floor_2,floor_2
9,13,2.21,3,3,floor_2_0,1,3,1,1,floor_2,floor_2
9,14,1.89,1,1,cluster_1_0,0,1,1,1,cluster_1,cluster_1
9,15,2.89,0,0,floor_2_0,1,0,0,0,floor_2,floor_2
9,16,1.93,0,0,floor_2_0,1,0,0,0,floor_2,floor_2
9,17,1.75,0,0,floor_2_0,1,0,0,0,floor_2,floor_2
9,18,1.76,0,0,floor_2_0,1,0,0,0,floor_2,floor_2
9,19,2.09,0,0,floor_2_0,1,0,0,0,floor_2,floor_2
9,20,1.56,0,0,floor_2_0,1,0,0,0,floor_2,floor_2
9,21,2.79,0,0,floor_2_0,1,0,0,0,floor_2,floor_2
9,22,1.91,0,0,floor_2_0,1,0,0,0,floor_2,floor_2
9,23,1.63,0,0,floor_2_0,1,0,0,0,floor_2,floor_2
9,24,2.19,0,0,floor_2_0,1,0,0,0,floor_2,floor_2
9,25,2.43,0,0,floor_2_0,1,0,0,0,floor_2,floor_2
9,26,2.01,0,0,floor_2_0,1,0,0,0,floor_2,floor_2
9,27,2.6,0,0,floor_2_0,1,0,0,0,floor_2,floor_2
9,28,2.44,0,0,floor_2_0,1,0,0,0,floor_2,floor_2
9,29,2.31,0,0,floor_2_0,1,0,0,0,floor_2,floor_2
9,30,3.03,0,0,floor_2_0,1,0,0,0,floor_2,floor_2
9,31,2.72,0,0,floor_2_0,1,0,0,0,floor_2,floor_2
9,32,2.42,0,0,floor_2_0,1,0,0,0,floor_2,floor_2
9,33,3.47,2,2,cluster_2_1,3,2,2,2,cluster_2,cluster_2
9,34,4.04,2,2,cluster_2_1,3,2,2,2,cluster_2,cluster_2
9,35,3.1,2,2,cluster_2_1,3,2,2,2,cluster_2,cluster_2
9,36,2.05,0,0,floor_2_0,1,0,0,0,floor_2,floor_2
9,37,2.18,0,0,floor_2_0,1,0,0,0,floor_2,floor_2
9,38,1.69,0,0,floor_2_0,1,0,0,0,floor_2,floor_2
9,39,2.36,0,0,floor_2_0,1,0,0,0,floor_2,floor_2
10,0,1.16,1,1,cluster_1_0,0,1,1,1,cluster_1,cluster_1
10,1,1.48,1,1,cluster_1_0,0,1,1,1,cluster_1,cluster_1
10,2,1.25,1,1,cluster_1_0,0,1,1,1,cluster_1,cluster_1
10,3,1.46,1,1,cluster_1_0,0,1,1,1,cluster_1,cluster_1
10,4,1.36,1,1,cluster_1_0,0,1,1,1,cluster_1,cluster_1
10,5,1.3,1,1,cluster_1_0,0,1,1,1,cluster_1,cluster_1
10,6,1.33,1,1,cluster_1_0,0,1,1,1,cluster_1,cluster_1
10,7,1.31,1,1,cluster_1_0,0,1,1,1,cluster_1,cluster_1
10,8,1.42,1,1,cluster_1_0,0,1,1,1,cluster_1,cluster_1
10,9,1.38,1,1,cluster_1_0,0,1,1,1,cluster_1,cluster_1
10,10,1.23,1,1,cluster_1_0,0,1,1,1,cluster_1,cluster_1
10,11,2.91,3,3,floor_2_0,1,3,1,1,floor_2,floor_2
10,12,2.2,3,3,floor_2_0,1,3,1,1,floor_2,floor_2
10,13,1.64,1,1,cluster_1_0,0,1,1,1,cluster_1,cluster_1
10,14,2.09,3,3,floor_2_0,1,3,1,1,floor_2,floor_2
10,15,1.8,1,1,cluster_1_0,0,1,1,1,cluster_1,cluster_1
10,16,1.91,0,0,floor_2_0,1,0,0,0,floor_2,floor_2
10,17,1.61,1,1,cluster_1_0,0,1,1,1,cluster_1,cluster_1
10,18,2.8,0,0,floor_2_0,1,0,0,0,floor_2,floor_2
10,19,2.67,0,0,floor_2_0,1,0,0,0,floor_2,floor_2
10,20,1.69,0,0,floor_2_0,1,0,0,0,floor_2,floor_2
10,21,1.69,0,0,floor_2_0,1,0,0,0,floor_2,floor_2
10,22,2.12,0,0,floor_2_0,1,0,0,0,floor_2,floor_2
10,23,1.52,0,0,floor_2_0,1,0,0,0,floor_2,floor_2
10,24,2.14,0,0,floor_2_0,1,0,0,0,floor_2,floor_2
10,25,2.08,0,0,floor_2_0,1,0,0,0,floor_2,floor_2
10,26,1.62,0,0,floor_2_0,1,0,0,0,floor_2,floor_2
10,27,2.04,0,0,floor_2_0,1,0,0,0,floor_2,floor_2
10,28,1.58,0,0,floor_2_0,1,0,0,0,floor_2,floor_2
10,29,3.76,2,2,cluster_2_1,3,2,2,2,cluster_2,cluster_2
10,30,3.65,2,2,cluster_2_1,3,2,2,2,cluster_2,cluster_2
10,31,2.26,0,0,floor_2_0,1,0,0,0,floor_2,floor_2
10,32,3.98,2,2,cluster_2_1,3,2,2,2,cluster_2,cluster_2
10,33,3.16,2,2,cluster_2_1,3,2,2,2,cluster_2,cluster_2
10,34,3.35,2,2,cluster_2_1,3,2,2,2,cluster_2,cluster_2
10,35,3.73,2,2,cluster_2_1,3,2,2,2,cluster_2,cluster_2
10,36,1.55,0,0,floor_2_0,1,0,0,0,floor_2,floor_2
10,37,1.78,0,0,floor_2_0,1,0,0,0,floor_2,floor_2
10,38,1.53,0,0,floor_2_0,1,0,0,0,floor_2,floor_2
10,39,1.72,0,0,floor_2_0,1,0,0,0,floor_2,floor_2
11,0,1.01,1,1,cluster_1_0,0,1,1,1,cluster_1,cluster_1
11,1,1.17,1,1,cluster_1_0,0,1,1,1,cluster_1,cluster_1
11,2,1.44,1,1,cluster_1_0,0,1,1,1,cluster_1,cluster_1
11,3,1.22,1,1,cluster_1_0,0,1,1,1,cluster_1,cluster_1
11,4,1.46,1,1,cluster_1_0,0,1,1,1,cluster_1,cluster_1
11,5,1.11,1,1,cluster_1_0,0,1,1,1,cluster_1,cluster_1
11,6,1.23,1,1,cluster_1_0,0,1,1,1,cluster_1,cluster_1
11,7,1.46,1,1,cluster_1_0,0,1,1,1,cluster_1,cluster_1
11,8,2.05,3,3,floor_2_0,1,3,1,1,floor_2,floor_2
11,9,1.24,1,1,cluster_1_0,0,1,1,1,cluster_1,cluster_1
11,10,0.53,1,1,cluster_1_0,0,1,1,1,cluster_1,cluster_1
11,11,1.85,1,1,cluster_1_0,0,1,1,1,cluster_1,cluster_1
11,12,2.1,3,3,floor_2_0,1,3,1,1,floor_2,floor_2
11,13,1.77,1,1,cluster_1_0,0,1,1,1,cluster_1,cluster_1
11,14,2.66,3,3,floor_2_0,1,3,1,1,floor_2,floor_2
11,15,1.6,1,1,cluster_1_0,0,1,1,1,cluster_1,cluster_1
11,16,1.55,1,1,cluster_1_0,0,1,1,1,cluster_1,cluster_1
11,17,1.62,1,1,cluster_1_0,0,1,1,1,cluster_1,cluster_1
11,18,1.51,1,1,cluster_1_0,0,1,1,1,cluster_1,cluster_1
11,19,2.86,0,0,floor_2_0,1,0,0,0,floor_2,floor_2
11,20,1.88,0,0,floor_2_0,1,0,0,0,floor_2,floor_2
11,21,2.13,0,0,floor_2_0,1,0,0,0,floor_2,floor_2
11,22,1.93,0,0,floor_2_0,1,0,0,0,floor_2,floor_2
11,23,2.1,0,0,floor_2_0,1,0,0,0,floor_2,floor_2
11,24,2.44,0,0,floor_2_0,1,0,0,0,floor_2,floor_2
11,25,2.07,0,0,floor_2_0,1,0,0,0,floor_2,floor_2
11,26,2.17,0,0,floor_2_0,1,0,0,0,floor_2,floor_2
11,27,1.96,0,0,floor_2_0,1,0,0,0,floor_2,floor_2
11,28,2.2,0,0,floor_2_0,1,0,0,0,floor_2,floor_2
11,29,4.84,2,2,cluster_2_2,5,2,2,2,cluster_2,cluster_2
11,30,3.46,2,2,cluster_2_1,3,2,2,2,cluster_2,cluster_2
11,31,1.92,0,0,floor_2_0,1,0,0,0,floor_2,floor_2
11,32,3.66,2,2,cluster_2_1,3,2,2,2,cluster_2,cluster_2
11,33,3.06,2,2,cluster_2_1,3,2,2,2,cluster_2,cluster_2
11,34,3.19,2,2,cluster_2_1,3,2,2,2,cluster_2,cluster_2
11,35,3.91,2,2,cluster_2_1,3,2,2,2,cluster_2,cluster_2
11,36,1.6,0,0,floor_2_0,1,0,0,0,floor_2,floor_2
11,37,2.91,2,2,cluster_2_1,3,2,2,2,cluster_2,cluster_2
11,38,2.05,0,0,floor_2_0,1,0,0,0,floor_2,floor_2
11,39,1.54,0,0,floor_2_0,1,0,0,0,floor_2,floor_2
12,0,1.33,1,1,cluster_1_0,0,1,1,1,cluster_1,cluster_1
12,1,1.36,1,1,cluster_1_0,0,1,1,1,cluster_1,cluster_1
12,2,0.79,1,1,cluster_1_0,0,1,1,1,cluster_1,cluster_1
12,3,1.28,1,1,cluster_1_0,0,1,1,1,cluster_1,cluster_1
12,4,0.57,1,1,cluster_1_0,0,1,1,1,cluster_1,cluster_1
12,5,1.51,1,1,cluster_1_0,0,1,1,1,cluster_1,cluster_1
12,6,1.14,1,1,cluster_1_0,0,1,1,1,cluster_1,cluster_1
12,7,0.88,1,1,cluster_1_0,0,1,1,1,cluster_1,cluster_1
12,8,2.24,3,3,floor_2_0,1,3,1,1,floor_2,floor_2
12,9,1.18,1,1,cluster_1_0,0,1,1,1,cluster_1,cluster_1
12,10,0.95,1,1,cluster_1_0,0,1,1,1,cluster_1,cluster_1
12,11,2.75,3,3,floor_2_0,1,3,1,1,floor_2,floor_2
12,12,1.72,3,3,floor_2_0,1,3,1,1,floor_2,floor_2
12,13,1.79,3,3,floor_2_0,1,3,1,1,floor_2,floor_2
12,14,2.27,3,3,floor_2_0,1,3,1,1,floor_2,floor_2
12,15,2.81,3,3,floor_2_0,1,3,1,1,floor_2,floor_2
12,16,1.69,3,3,floor_2_0,1,3,1,1,floor_2,floor_2
12,17,1.78,3,3,floor_2_0,1,3,1,1,floor_2,floor_2
12,18,2.93,3,3,floor_2_0,1,3,1,1,floor_2,floor_2
12,19,2.19,3,3,floor_2_0,1,3,1,1,floor_2,floor_2
12,20,2.39,3,3,floor_2_0,1,3,1,1,floor_2,floor_2
12,21,1.71,0,0,floor_2_0,1,0,0,0,floor_2,floor_2
12,22,2.66,0,0,floor_2_0,1,0,0,0,floor_2,floor_2
12,23,2.44,0,0,floor_2_0,1,0,0,0,floor_2,floor_2
12,24,2.79,0,0,floor_2_0,1,0,0,0,floor_2,floor_2
12,25,1.68,0,0,floor_2_0,1,0,0,0,floor_2,floor_2
12,26,1.75,0,0,floor_2_0,1,0,0,0,floor_2,floor_2
12,27,1.88,0,0,floor_2_0,1,0,0,0,floor_2,floor_2
12,28,1.64,0,0,floor_2_0,1,0,0,0,floor_2,floor_2
12,29,3.12,2,2,cluster_2_1,3,2,2,2,cluster_2,cluster_2
12,30,3.88,2,2,cluster_2_1,3,2,2,2,cluster_2,cluster_2
12,31,3.74,2,2,cluster_2_1,3,2,2,2,cluster_2,cluster_2
12,32,3.7,2,2,cluster_2_1,3,2,2,2,cluster_2,cluster_2
12,33,3.5,2,2,cluster_2_1,3,2,2,2,cluster_2,cluster_2
12,34,4.06,2,2,cluster_2_1,3,2,2,2,cluster_2,cluster_2
12,35,3.01,2,2,cluster_2_1,3,2,2,2,cluster_2,cluster_2
12,36,2.65,2,2,cluster_2_1,3,2,2,2,cluster_2,cluster_2
12,37,1.97,0,0,floor_2_0,1,0,0,0,floor_2,floor_2
12,38,2.78,2,2,cluster_2_1,3,2,2,2,cluster_2,cluster_2
12,39,2.86,2,2,cluster_2_1,3,2,2,2,cluster_2,cluster_2
13,0,1.33,1,1,cluster_1_0,0,1,1,1,cluster_1,cluster_1
13,1,1.34,1,1,cluster_1_0,0,1,1,1,cluster_1,cluster_1
13,2,0.74,1,1,cluster_1_0,0,1,1,1,cluster_1,cluster_1
13,3,1.38,1,1,cluster_1_0,0,1,1,1,cluster_1,cluster_1
13,4,1.37,1,1,cluster_1_0,0,1,1,1,cluster_1,cluster_1
13,5,2.06,3,3,floor_2_0,1,3,1,1,floor_2,floor_2
13,6,0.66,1,1,cluster_1_0,0,1,1,1,cluster_1,cluster_1
13,7,1.25,1,1,cluster_1_0,0,1,1,1,cluster_1,cluster_1
13,8,2.71,3,3,floor_2_0,1,3,1,1,floor_2,floor_2
13,9,1.72,3,3,floor_2_0,1,3,1,1,floor_2,floor_2
13,10,1.04,1,1,cluster_1_0,0,1,1,1,cluster_1,cluster_1
13,11,1.64,3,3,floor_2_0,1,3,1,1,floor_2,floor_2
13,12,1.64,3,3,floor_2_0,1,3,1,1,floor_2,floor_2
13,13,1.7,3,3,floor_2_0,1,3,1,1,floor_2,floor_2
13,14,2.38,3,3,floor_2_0,1,3,1,1,floor_2,floor_2
13,15,2.87,3,3,floor_2_0,1,3,1,1,floor_2,floor_2
13,16,2.22,3,3,floor_2_0,1,3,1,1,floor_2,floor_2
13,17,2.41,3,3,floor_2_0,1,3,1,1,floor_2,floor_2
13,18,2.91,3,3,floor_2_0,1,3,1,1,floor_2,floor_2
13,19,1.81,3,3,floor_2_0,1,3,1,1,floor_2,floor_2
13,20,2.02,3,3,floor_2_0,1,3,1,1,floor_2,floor_2
13,21,1.53,3,3,floor_2_0,1,3,1,1,floor_2,floor_2
13,22,2.44,3,3,floor_2_0,1,3,1,1,floor_2,floor_2
13,23,1.93,0,0,floor_2_0,1,0,0,0,floor_2,floor_2
13,24,1.91,0,0,floor_2_0,1,0,0,0,floor_2,floor_2
13,25,1.94,0,0,floor_2_0,1,0,0,0,floor_2,floor_2
13,26,2.04,0,0,floor_2_0,1,0,0,0,floor_2,floor_2
13,27,2.51,0,0,floor_2_0,1,0,0,0,floor_2,floor_2
13,28,2.22,0,0,floor_2_0,1,0,0,0,floor_2,floor_2
13,29,3.24,2,2,cluster_2_1,3,2,2,2,cluster_2,cluster_2
13,30,4.79,2,2,cluster_2_2,5,2,2,2,cluster_2,cluster_2
13,31,3.16,2,2,cluster_2_1,3,2,2,2,cluster_2,cluster_2
13,32,3.55,2,2,cluster_2_1,3,2,2,2,cluster_2,cluster_2
13,33,4.1,2,2,cluster_2_1,3,2,2,2,cluster_2,cluster_2
13,34,4.83,2,2,cluster_2_2,5,2,2,2,cluster_2,cluster_2
13,35,3.01,2,2,cluster_2_1,3,2,2,2,cluster_2,cluster_2
13,36,3.46,2,2,cluster_2_1,3,2,2,2,cluster_2,cluster_2
13,37,2.54,2,2,cluster_2_1,3,2,2,2,cluster_2,cluster_2
13,38,2.58,2,2,cluster_2_1,3,2,2,2,cluster_2,cluster_2
13,39,2.35,0,0,floor_2_0,1,0,0,0,floor_2,floor_2
14,0,1.44,1,1,cluster_1_0,0,1,1,1,cluster_1,cluster_1
14,1,1.11,1,1,cluster_1_0,0,1,1,1,cluster_1,cluster_1
14,2,1.12,1,1,cluster_1_0,0,1,1,1,cluster_1,cluster_1
14,3,1.2,1,1,cluster_1_0,0,1,1,1,cluster_1,cluster_1
14,4,1.1,1,1,cluster_1_0,0,1,1,1,cluster_1,cluster_1
14,5,1.67,3,3,floor_2_0,1,3,1,1,floor_2,floor_2
14,6,1.61,3,3,floor_2_0,1,3,1,1,floor_2,floor_2
14,7,0.86,1,1,cluster_1_0,0,1,1,1,cluster_1,cluster_1
14,8,1.51,3,3,floor_2_0,1,3,1,1,floor_2,floor_2
14,9,2.28,3,3,floor_2_0,1,3,1,1,floor_2,floor_2
14,10,2.38,3,3,floor_2_0,1,3,1,1,floor_2,floor_2
14,11,2.88,3,3,floor_2_0,1,3,1,1,floor_2,floor_2
14,12,2.87,3,3,floor_2_0,1,3,1,1,floor_2,floor_2
14,13,1.69,3,3,floor_2_0,1,3,1,1,floor_2,floor_2
14,14,2.61,3,3,floor_2_0,1,3,1,1,floor_2,floor_2
14,15,2.31,3,3,floor_2_0,1,3,1,1,floor_2,floor_2
14,16,2.11,3,3,floor_2_0,1,3,1,1,floor_2,floor_2
14,17,2.79,3,3,floor_2_0,1,3,1,1,floor_2,floor_2
14,18,2.39,3,3,floor_2_0,1,3,1,1,floor_2,floor_2
14,19,1.36,3,3,floor_2_0,1,3,1,1,floor_2,floor_2
14,20,2.26,3,3,floor_2_0,1,3,1,1,floor_2,floor_2
14,21,1.75,3,3,floor_2_0,1,3,1,1,floor_2,floor_2
14,22,2.11,3,3,floor_2_0,1,3,1,1,floor_2,floor_2
14,23,2.17,3,3,floor_2_0,1,3,1,1,floor_2,floor_2
14,24,2.13,3,3,floor_2_0,1,3,1,1,floor_2,floor_2
14,25,2.15,0,0,floor_2_0,1,0,0,0,floor_2,floor_2
14,26,3.63,2,2,cluster_2_1,3,2,2,2,cluster_2,cluster_2
14,27,1.84,0,0,floor_2_0,1,0,0,0,floor_2,floor_2
14,28,4.81,2,2,cluster_2_2,5,2,2,2,cluster_2,cluster_2
14,29,3.69,2,2,cluster_2_1,3,2,2,2,cluster_2,cluster_2
14,30,3.0,2,2,cluster_2_1,3,2,2,2,cluster_2,cluster_2
14,31,3.0,2,2,cluster_2_1,3,2,2,2,cluster_2,cluster_2
14,32,3.88,2,2,cluster_2_1,3,2,2,2,cluster_2,cluster_2
14,33,6.17,2,2,cluster_2_-1,6,2,2,2,cluster_2,outlier
14,34,3.21,2,2,cluster_2_1,3,2,2,2,cluster_2,cluster_2
14,35,4.05,2,2,cluster_2_1,3,2,2,2,cluster_2,cluster_2
14,36,3.35,2,2,cluster_2_1,3,2,2,2,cluster_2,cluster_2
14,37,1.52,0,0,floor_2_0,1,0,0,0,floor_2,floor_2
14,38,1.91,0,0,floor_2_0,1,0,0,0,floor_2,floor_2
14,39,2.43,2,2,cluster_2_1,3,2,2,2,cluster_2,cluster_2
15,0,1.48,3,3,floor_2_0,1,3,1,1,floor_2,floor_2
15,1,0.95,1,1,cluster_1_0,0,1,1,1,cluster_1,cluster_1
15,2,2.84,3,3,floor_2_0,1,3,1,1,floor_2,floor_2
15,3,1.27,1,1,cluster_1_0,0,1,1,1,cluster_1,cluster_1
15,4,1.11,1,1,cluster_1_0,0,1,1,1,cluster_1,cluster_1
15,5,1.56,3,3,floor_2_0,1,3,1,1,floor_2,floor_2
15,6,2.82,3,3,floor_2_0,1,3,1,1,floor_2,floor_2
15,7,1.52,3,3,floor_2_0,1,3,1,1,floor_2,floor_2
15,8,1.9,3,3,floor_2_0,1,3,1,1,floor_2,floor_2
15,9,1.68,3,3,floor_2_0,1,3,1,1,floor_2,floor_2
15,10,2.23,3,3,floor_2_0,1,3,1,1,floor_2,floor_2
15,11,2.02,3,3,floor_2_0,1,3,1,1,floor_2,floor_2
15,12,2.63,3,3,floor_2_0,1,3,1,1,floor_2,floor_2
15,13,2.18,3,3,floor_2_0,1,3,1,1,floor_2,floor_2
15,14,2.03,3,3,floor_2_0,1,3,1,1,floor_2,floor_2
15,15,1.56,3,3,floor_2_0,1,3,1,1,floor_2,floor_2
15,16,2.48,3,3,floor_2_0,1,3,1,1,floor_2,floor_2
15,17,1.67,3,3,floor_2_0,1,3,1,1,floor_2,floor_2
15,18,1.7,3,3,floor_2_0,1,3,1,1,floor_2,floor_2
15,19,1.87,3,3,floor_2_0,1,3,1,1,floor_2,floor_2
15,20,2.25,3,3,floor_2_0,1,3,1,1,floor_2,floor_2
15,21,1.53,3,3,floor_2_0,1,3,1,1,floor_2,floor_2
15,22,1.98,3,3,floor_2_0,1,3,1,1,floor_2,floor_2
15,23,2.61,3,3,floor_2_0,1,3,1,1,floor_2,floor_2
15,24,1.69,3,3,floor_2_0,1,3,1,1,floor_2,floor_2
15,25,3.93,2,2,cluster_2_1,3,2,2,2,cluster_2,cluster_2
15,26,3.08,2,2,cluster_2_1,3,2,2,2,cluster_2,cluster_2
15,27,2.51,2,2,cluster_2_-1,6,2,2,2,cluster_2,outlier
15,28,3.82,2,2,cluster_2_1,3,2,2,2,cluster_2,cluster_2
15,29,3.04,2,2,cluster_2_1,3,2,2,2,cluster_2,cluster_2
15,30,3.81,2,2,cluster_2_1,3,2,2,2,cluster_2,cluster_2
15,31,5.35,2,2,cluster_2_-1,6,2,2,2,cluster_2,outlier
15,32,3.27,2,2,cluster_2_1,3,2,2,2,cluster_2,cluster_2
15,33,3.02,2,2,cluster_2_1,3,2,2,2,cluster_2,cluster_2
15,34,3.01,2,2,cluster_2_1,3,2,2,2,cluster_2,cluster_2
15,35,3.94,2,2,cluster_2_1,3,2,2,2,cluster_2,cluster_2
15,36,4.88,2,2,cluster_2_2,5,2,2,2,cluster_2,cluster_2
15,37,1.97,0,0,floor_2_0,1,0,0,0,floor_2,floor_2
15,38,1.51,0,0,floor_2_0,1,0,0,0,floor_2,floor_2
15,39,2.77,2,2,cluster_2_1,3,2,2,2,cluster_2,cluster_2
16,0,0.97,1,1,cluster_1_0,0,1,1,1,cluster_1,cluster_1
16,1,1.21,1,1,cluster_1_0,0,1,1,1,cluster_1,cluster_1
16,2,1.57,3,3,floor_2_0,1,3,1,1,floor_2,floor_2
16,3,1.14,1,1,cluster_1_0,0,1,1,1,cluster_1,cluster_1
16,4,2.39,3,3,floor_2_0,1,3,1,1,floor_2,floor_2
16,5,2.49,3,3,floor_2_0,1,3,1,1,floor_2,floor_2
16,6,1.84,3,3,floor_2_0,1,3,1,1,floor_2,floor_2
16,7,2.08,3,3,floor_2_0,1,3,1,1,floor_2,floor_2
16,8,2.86,3,3,floor_2_0,1,3,1,1,floor_2,floor_2
16,9,2.2,3,3,floor_2_0,1,3,1,1,floor_2,floor_2
16,10,2.55,3,3,floor_2_0,1,3,1,1,floor_2,floor_2
16,11,1.77,3,3,floor_2_0,1,3,1,1,floor_2,floor_2
16,12,1.91,3,3,floor_2_0,1,3,1,1,floor_2,floor_2
16,13,2.76,3,3,floor_2_0,1,3,1,1,floor_2,floor_2
16,14,2.85,3,3,floor_2_0,1,3,1,1,floor_2,floor_2
16,15,1.93,3,3,floor_2_0,1,3,1,1,floor_2,floor_2
16,16,1.9,3,3,floor_2_0,1,3,1,1,floor_2,floor_2
16,17,2.97,3,3,floor_2_0,1,3,1,1,floor_2,floor_2
16,18,2.44,3,3,floor_2_0,1,3,1,1,floor_2,floor_2
16,19,2.9,3,3,floor_2_0,1,3,1,1,floor_2,floor_2
16,20,2.22,3,3,floor_2_0,1,3,1,1,floor_2,floor_2
16,21,2.49,3,3,floor_2_0,1,3,1,1,floor_2,floor_2
16,22,2.16,3,3,floor_2_0,1,3,1,1,floor_2,floor_2
16,23,2.38,3,3,floor_2_0,1,3,1,1,floor_2,floor_2
16,24,2.38,3,3,floor_2_0,1,3,1,1,floor_2,floor_2
16,25,3.12,2,2,cluster_2_1,3,2,2,2,cluster_2,cluster_2
16,26,3.27,2,2,cluster_2_1,3,2,2,2,cluster_2,cluster_2
16,27,2.18,3,3,floor_2_0,1,3,1,1,floor_2,floor_2
16,28,3.2,2,2,cluster_2_1,3,2,2,2,cluster_2,cluster_2
16,29,3.23,2,2,cluster_2_1,3,2,2,2,cluster_2,cluster_2
16,30,3.41,2,2,cluster_2_1,3,2,2,2,cluster_2,cluster_2
16,31,3.15,2,2,cluster_2_1,3,2,2,2,cluster_2,cluster_2
16,32,3.28,2,2,cluster_2_1,3,2,2,2,cluster_2,cluster_2
16,33,3.63,2,2,cluster_2_1,3,2,2,2,cluster_2,cluster_2
16,34,3.71,2,2,cluster_2_1,3,2,2,2,cluster_2,cluster_2
16,35,3.03,2,2,cluster_2_1,3,2,2,2,cluster_2,cluster_2
16,36,3.0,2,2,cluster_2_1,3,2,2,2,cluster_2,cluster_2
16,37,1.8,0,0,floor_2_0,1,0,0,0,floor_2,floor_2
16,38,2.29,2,2,cluster_2_1,3,2,2,2,cluster_2,cluster_2
16,39,1.8,0,0,floor_2_0,1,0,0,0,floor_2,floor_2
17,0,1.38,3,3,floor_2_0,1,3,1,1,floor_2,floor_2
17,1,1.09,3,3,floor_2_0,1,3,1,1,floor_2,floor_2
17,2,2.28,3,3,floor_2_0,1,3,1,1,floor_2,floor_2
17,3,0.92,1,1,cluster_1_0,0,1,1,1,cluster_1,cluster_1
17,4,1.91,3,3,floor_2_0,1,3,1,1,floor_2,floor_2
17,5,1.61,3,3,floor_2_0,1,3,1,1,floor_2,floor_2
17,6,1.95,3,3,floor_2_0,1,3,1,1,floor_2,floor_2
17,7,2.11,3,3,floor_2_0,1,3,1,1,floor_2,floor_2
17,8,2.11,3,3,floor_2_0,1,3,1,1,floor_2,floor_2
17,9,1.53,3,3,floor_2_0,1,3,1,1,floor_2,floor_2
17,10,2.79,3,3,floor_2_0,1,3,1,1,floor_2,floor_2
17,11,2.1,3,3,floor_2_0,1,3,1,1,floor_2,floor_2
17,12,1.7,3,3,floor_2_0,1,3,1,1,floor_2,floor_2
17,13,2.6,3,3,floor_2_0,1,3,1,1,floor_2,floor_2
17,14,2.86,3,3,floor_2_0,1,3,1,1,floor_2,floor_2
17,15,2.27,3,3,floor_2_0,1,3,1,1,floor_2,floor_2
17,16,2.03,3,3,floor_2_0,1,3,1,1,floor_2,floor_2
17,17,1.54,3,3,floor_2_0,1,3,1,1,floor_2,floor_2
17,18,2.42,3,3,floor_2_0,1,3,1,1,floor_2,floor_2
17,19,1.87,3,3,floor_2_0,1,3,1,1,floor_2,floor_2
17,20,2.22,3,3,floor_2_0,1,3,1,1,floor_2,floor_2
17,21,1.53,3,3,floor_2_0,1,3,1,1,floor_2,floor_2
17,22,2.83,2,2,cluster_2_1,3,2,2,2,cluster_2,cluster_2
17,23,2.14,3,3,floor_2_0,1,3,1,1,floor_2,floor_2
17,24,3.37,2,2,cluster_2_1,3,2,2,2,cluster_2,cluster_2
17,25,3.5,2,2,cluster_2_1,3,2,2,2,cluster_2,cluster_2
17,26,3.85,2,2,cluster_2_1,3,2,2,2,cluster_2,cluster_2
17,27,3.92,2,2,cluster_2_1,3,2,2,2,cluster_2,cluster_2
17,28,3.75,2,2,cluster_2_1,3,2,2,2,cluster_2,cluster_2
17,29,3.6,2,2,cluster_2_1,3,2,2,2,cluster_2,cluster_2
17,30,3.05,2,2,cluster_2_1,3,2,2,2,cluster_2,cluster_2
17,31,4.25,2,2,cluster_2_1,3,2,2,2,cluster_2,cluster_2
17,32,6.66,2,2,cluster_2_-1,6,2,2,2,cluster_2,outlier
17,33,3.58,2,2,cluster_2_1,3,2,2,2,cluster_2,cluster_2
17,34,3.02,2,2,cluster_2_1,3,2,2,2,cluster_2,cluster_2
17,35,3.02,2,2,cluster_2_1,3,2,2,2,cluster_2,cluster_2
17,36,3.26,2,2,cluster_2_1,3,2,2,2,cluster_2,cluster_2
17,37,2.85,2,2,cluster_2_1,3,2,2,2,cluster_2,cluster_2
17,38,2.48,2,2,cluster_2_1,3,2,2,2,cluster_2,cluster_2
17,39,1.82,0,0,floor_2_0,1,0,0,0,floor_2,floor_2
18,0,2.65,3,3,floor_2_0,1,3,1,1,floor_2,floor_2
18,1,1.43,3,3,floor_2_0,1,3,1,1,floor_2,floor_2
18,2,2.94,3,3,floor_2_0,1,3,1,1,floor_2,floor_2
18,3,1.95,3,3,floor_2_0,1,3,1,1,floor_2,floor_2
18,4,2.08,3,3,floor_2_0,1,3,1,1,floor_2,floor_2
18,5,2.13,3,3,floor_2_0,1,3,1,1,floor_2,floor_2
18,6,1.93,3,3,floor_2_0,1,3,1,1,floor_2,floor_2
18,7,2.1,3,3,floor_2_0,1,3,1,1,floor_2,floor_2
18,8,1.67,3,3,floor_2_0,1,3,1,1,floor_2,floor_2
18,9,2.08,3,3,floor_2_0,1,3,1,1,floor_2,floor_2
18,10,2.92,3,3,floor_2_0,1,3,1,1,floor_2,floor_2
18,11,2.26,3,3,floor_2_0,1,3,1,1,floor_2,floor_2
18,12,2.21,3,3,floor_2_0,1,3,1,1,floor_2,floor_2
18,13,1.7,3,3,floor_2_0,1,3,1,1,floor_2,floor_2
18,14,2.64,3,3,floor_2_0,1,3,1,1,floor_2,floor_2
18,15,1.98,3,3,floor_2_0,1,3,1,1,floor_2,floor_2
18,16,2.38,3,3,floor_2_0,1,3,1,1,floor_2,floor_2
18,17,2.12,3,3,floor_2_0,1,3,1,1,floor_2,floor_2
18,18,2.1,3,3,floor_2_0,1,3,1,1,floor_2,floor_2
18,19,1.6,3,3,floor_2_0,1,3,1,1,floor_2,floor_2
18,20,1.77,3,3,floor_2_0,1,3,1,1,floor_2,floor_2
18,21,2.35,3,3,floor_2_0,1,3,1,1,floor_2,floor_2
18,22,1.53,3,3,floor_2_0,1,3,1,1,floor_2,floor_2
18,23,2.06,3,3,floor_2_0,1,3,1,1,floor_2,floor_2
18,24,3.14,2,2,cluster_2_1,3,2,2,2,cluster_2,cluster_2
18,25,4.18,2,2,cluster_2_1,3,2,2,2,cluster_2,cluster_2
18,26,3.72,2,2,cluster_2_1,3,2,2,2,cluster_2,cluster_2
18,27,3.71,2,2,cluster_2_1,3,2,2,2,cluster_2,cluster_2
18,28,3.74,2,2,cluster_2_1,3,2,2,2,cluster_2,cluster_2
18,29,4.41,2,2,cluster_2_1,3,2,2,2,cluster_2,cluster_2
18,30,3.27,2,2,cluster_2_1,3,2,2,2,cluster_2,cluster_2
18,31,3.17,2,2,cluster_2_1,3,2,2,2,cluster_2,cluster_2
18,32,4.59,2,2,cluster_2_1,3,2,2,2,cluster_2,cluster_2
18,33,3.43,2,2,cluster_2_1,3,2,2,2,cluster_2,cluster_2
18,34,3.44,2,2,cluster_2_1,3,2,2,2,cluster_2,cluster_2
18,35,4.38,2,2,cluster_2_1,3,2,2,2,cluster_2,cluster_2
18,36,3.45,2,2,cluster_2_1,3,2,2,2,cluster_2,cluster_2
18,37,1.55,0,0,floor_2_0,1,0,0,0,floor_2,floor_2
18,38,2.31,2,2,cluster_2_1,3,2,2,2,cluster_2,cluster_2
18,39,2.23,2,2,cluster_2_1,3,2,2,2,cluster_2,cluster_2
19,0,2.85,3,3,floor_2_0,1,3,1,1,floor_2,floor_2
19,1,1.67,3,3,floor_2_0,1,3,1,1,floor_2,floor_2
19,2,2.68,3,3,floor_2_0,1,3,1,1,floor_2,floor_2
19,3,2.9,3,3,floor_2_0,1,3,1,1,floor_2,floor_2
19,4,2.34,3,3,floor_2_0,1,3,1,1,floor_2,floor_2
19,5,2.73,3,3,floor_2_0,1,3,1,1,floor_2,floor_2
19,6,2.47,3,3,floor_2_0,1,3,1,1,floor_2,floor_2
19,7,2.69,3,3,floor_2_0,1,3,1,1,floor_2,floor_2
19,8,2.18,3,3,floor_2_0,1,3,1,1,floor_2,floor_2
19,9,2.25,3,3,floor_2_0,1,3,1,1,floor_2,floor_2
19,10,2.53,3,3,floor_2_0,1,3,1,1,floor_2,floor_2
19,11,2.97,3,3,floor_2_0,1,3,1,1,floor_2,floor_2
19,12,2.11,3,3,floor_2_0,1,3,1,1,floor_2,floor_2
19,13,2.06,3,3,floor_2_0,1,3,1,1,floor_2,floor_2
19,14,2.03,3,3,floor_2_0,1,3,1,1,floor_2,floor_2
19,15,1.69,3,3,floor_2_0,1,3,1,1,floor_2,floor_2
19,16,2.62,3,3,floor_2_0,1,3,1,1,floor_2,floor_2
19,17,1.78,3,3,floor_2_0,1,3,1,1,floor_2,floor_2
19,18,1.73,3,3,floor_2_0,1,3,1,1,floor_2,floor_2
19,19,2.52,3,3,floor_2_0,1,3,1,1,floor_2,floor_2
19,20,2.95,3,3,floor_2_0,1,3,1,1,floor_2,floor_2
19,21,1.7,3,3,floor_2_0,1,3,1,1,floor_2,floor_2
19,22,1.74,3,3,floor_2_0,1,3,1,1,floor_2,floor_2
19,23,1.98,3,3,floor_2_0,1,3,1,1,floor_2,floor_2
19,24,3.13,2,2,cluster_2_1,3,2,2,2,cluster_2,cluster_2
19,25,3.82,2,2,cluster_2_1,3,2,2,2,cluster_2,cluster_2
19,26,3.15,2,2,cluster_2_1,3,2,2,2,cluster_2,cluster_2
19,27,3.18,2,2,cluster_2_1,3,2,2,2,cluster_2,cluster_2
19,28,3.19,2,2,cluster_2_1,3,2,2,2,cluster_2,cluster_2
19,29,3.13,2,2,cluster_2_1,3,2,2,2,cluster_2,cluster_2
19,30,3.06,2,2,cluster_2_1,3,2,2,2,cluster_2,cluster_2
19,31,3.14,2,2,cluster_2_1,3,2,2,2,cluster_2,cluster_2
19,32,3.59,2,2,cluster_2_1,3,2,2,2,cluster_2,cluster_2
19,33,3.08,2,2,cluster_2_1,3,2,2,2,cluster_2,cluster_2
19,34,3.02,2,2,cluster_2_1,3,2,2,2,cluster_2,cluster_2
19,35,3.06,2,2,cluster_2_1,3,2,2,2,cluster_2,cluster_2
19,36,3.56,2,2,cluster_2_1,3,2,2,2,cluster_2,cluster_2
19,37,3.92,2,2,cluster_2_1,3,2,2,2,cluster_2,cluster_2
19,38,2.27,2,2,cluster_2_1,3,2,2,2,cluster_2,cluster_2
19,39,2.68,2,2,cluster_2_1,3,2,2,2,cluster_2,cluster_2
20,0,1.7,3,3,floor_2_0,1,3,1,1,floor_2,floor_2
20,1,1.74,3,3,floor_2_0,1,3,1,1,floor_2,floor_2
20,2,2.97,3,3,floor_2_0,1,3,1,1,floor_2,floor_2
20,3,2.28,3,3,floor_2_0,1,3,1,1,floor_2,floor_2
20,4,1.91,3,3,floor_2_0,1,3,1,1,floor_2,floor_2
20,5,1.78,3,3,floor_2_0,1,3,1,1,floor_2,floor_2
20,6,2.51,3,3,floor_2_0,1,3,1,1,floor_2,floor_2
20,7,2.05,3,3,floor_2_0,1,3,1,1,floor_2,floor_2
20,8,2.34,3,3,floor_2_0,1,3,1,1,floor_2,floor_2
20,9,1.7,3,3,floor_2_0,1,3,1,1,floor_2,floor_2
20,10,1.8,3,3,floor_2_0,1,3,1,1,floor_2,floor_2
20,11,1.72,3,3,floor_2_0,1,3,1,1,floor_2,floor_2
20,12,1.82,3,3,floor_2_0,1,3,1,1,floor_2,floor_2
20,13,1.81,3,3,floor_2_0,1,3,1,1,floor_2,floor_2
20,14,1.91,3,3,floor_2_0,1,3,1,1,floor_2,floor_2
20,15,1.8,3,3,floor_2_0,1,3,1,1,floor_2,floor_2
20,16,2.12,3,3,floor_2_0,1,3,1,1,floor_2,floor_2
20,17,1.68,3,3,floor_2_0,1,3,1,1,floor_2,floor_2
20,18,1.7,3,3,floor_2_0,1,3,1,1,floor_2,floor_2
20,19,2.36,3,3,floor_2_0,1,3,1,1,floor_2,floor_2
20,20,1.98,3,3,floor_2_0,1,3,1,1,floor_2,floor_2
20,21,2.62,3,3,floor_2_0,1,3,1,1,floor_2,floor_2
20,22,2.09,3,3,floor_2_0,1,3,1,1,floor_2,floor_2
20,23,2.3,3,3,floor_2_0,1,3,1,1,floor_2,floor_2
20,24,3.32,2,2,cluster_2_1,3,2,2,2,cluster_2,cluster_2
20,25,3.48,2,2,cluster_2_1,3,2,2,2,cluster_2,cluster_2
20,26,3.45,2,2,cluster_2_1,3,2,2,2,cluster_2,cluster_2
20,27,3.06,2,2,cluster_2_1,3,2,2,2,cluster_2,cluster_2
20,28,3.02,2,2,cluster_2_1,3,2,2,2,cluster_2,cluster_2
20,29,3.8,2,2,cluster_2_1,3,2,2,2,cluster_2,cluster_2
20,30,5.45,2,2,cluster_2_-1,6,2,2,2,cluster_2,outlier
20,31,4.0,2,2,cluster_2_1,3,2,2,2,cluster_2,cluster_2
20,32,3.44,2,2,cluster_2_1,3,2,2,2,cluster_2,cluster_2
20,33,3.52,2,2,cluster_2_1,3,2,2,2,cluster_2,cluster_2
20,34,3.39,2,2,cluster_2_1,3,2,2,2,cluster_2,cluster_2
20,35,4.9,2,2,cluster_2_-1,6,2,2,2,cluster_2,outlier
20,36,3.11,2,2,cluster_2_1,3,2,2,2,cluster_2,cluster_2
20,37,3.75,2,2,cluster_2_1,3,2,2,2,cluster_2,cluster_2
20,38,2.37,2,2,cluster_2_1,3,2,2,2,cluster_2,cluster_2
20,39,2.04,2,2,cluster_2_1,3,2,2,2,cluster_2,cluster_2
21,0,2.58,3,3,floor_2_0,1,3,1,1,floor_2,floor_2
21,1,2.59,3,3,floor_2_0,1,3,1,1,floor_2,floor_2
21,2,2.26,3,3,floor_2_0,1,3,1,1,floor_2,floor_2
21,3,1.6,3,3,floor_2_0,1,3,1,1,floor_2,floor_2
21,4,1.52,3,3,floor_2_0,1,3,1,1,floor_2,floor_2
21,5,1.6,3,3,floor_2_0,1,3,1,1,floor_2,floor_2
21,6,1.74,3,3,floor_2_0,1,3,1,1,floor_2,floor_2
21,7,2.08,3,3,floor_2_0,1,3,1,1,floor_2,floor_2
21,8,2.21,3,3,floor_2_0,1,3,1,1,floor_2,floor_2
21,9,2.77,3,3,floor_2_0,1,3,1,1,floor_2,floor_2
21,10,2.49,3,3,floor_2_0,1,3,1,1,floor_2,floor_2
21,11,1.93,3,3,floor_2_0,1,3,1,1,floor_2,floor_2
21,12,1.91,3,3,floor_2_0,1,3,1,1,floor_2,floor_2
21,13,2.6,3,3,floor_2_0,1,3,1,1,floor_2,floor_2
21,14,2.15,3,3,floor_2_0,1,3,1,1,floor_2,floor_2
21,15,2.97,3,3,floor_2_0,1,3,1,1,floor_2,floor_2
21,16,2.2,3,3,floor_2_0,1,3,1,1,floor_2,floor_2
21,17,1.88,3,3,floor_2_0,1,3,1,1,floor_2,floor_2
21,18,1.86,3,3,floor_2_0,1,3,1,1,floor_2,floor_2
21,19,1.59,3,3,floor_2_0,1,3,1,1,floor_2,floor_2
21,20,1.57,3,3,floor_2_0,1,3,1,1,floor_2,floor_2
21,21,2.04,3,3,floor_2_0,1,3,1,1,floor_2,floor_2
21,22,2.6,3,3,floor_2_0,1,3,1,1,floor_2,floor_2
21,23,2.59,3,3,floor_2_0,1,3,1,1,floor_2,floor_2
21,24,3.15,2,2,cluster_2_1,3,2,2,2,cluster_2,cluster_2
21,25,3.3,2,2,cluster_2_1,3,2,2,2,cluster_2,cluster_2
21,26,3.34,2,2,cluster_2_1,3,2,2,2,cluster_2,cluster_2
21,27,4.74,2,2,cluster_2_-1,6,2,2,2,cluster_2,outlier
21,28,3.02,2,2,cluster_2_1,3,2,2,2,cluster_2,cluster_2
21,29,3.5,2,2,cluster_2_1,3,2,2,2,cluster_2,cluster_2
21,30,3.73,2,2,cluster_2_1,3,2,2,2,cluster_2,cluster_2
21,31,3.26,2,2,cluster_2_1,3,2,2,2,cluster_2,cluster_2
21,32,3.07,2,2,cluster_2_1,3,2,2,2,cluster_2,cluster_2
21,33,4.3,2,2,cluster_2_1,3,2,2,2,cluster_2,cluster_2
21,34,3.05,2,2,cluster_2_1,3,2,2,2,cluster_2,cluster_2
21,35,3.46,2,2,cluster_2_1,3,2,2,2,cluster_2,cluster_2
21,36,3.96,2,2,cluster_2_1,3,2,2,2,cluster_2,cluster_2
21,37,3.1,2,2,cluster_2_1,3,2,2,2,cluster_2,cluster_2
21,38,2.32,2,2,cluster_2_1,3,2,2,2,cluster_2,cluster_2
21,39,2.85,2,2,cluster_2_1,3,2,2,2,cluster_2,cluster_2
22,0,1.55,3,3,floor_2_0,1,3,1,1,floor_2,floor_2
22,1,2.34,3,3,floor_2_0,1,3,1,1,floor_2,floor_2
22,2,1.52,3,3,floor_2_0,1,3,1,1,floor_2,floor_2
22,3,2.12,3,3,floor_2_0,1,3,1,1,floor_2,floor_2
22,4,2.49,3,3,floor_2_0,1,3,1,1,floor_2,floor_2
22,5,2.78,3,3,floor_2_0,1,3,1,1,floor_2,floor_2
22,6,1.91,3,3,floor_2_0,1,3,1,1,floor_2,floor_2
22,7,1.66,3,3,floor_2_0,1,3,1,1,floor_2,floor_2
22,8,1.75,3,3,floor_2_0,1,3,1,1,floor_2,floor_2
22,9,2.42,3,3,floor_2_0,1,3,1,1,floor_2,floor_2
22,10,2.09,3,3,floor_2_0,1,3,1,1,floor_2,floor_2
22,11,2.83,3,3,floor_2_0,1,3,1,1,floor_2,floor_2
22,12,2.0,3,3,floor_2_0,1,3,1,1,floor_2,floor_2
22,13,2.07,3,3,floor_2_0,1,3,1,1,floor_2,floor_2
22,14,1.67,3,3,floor_2_0,1,3,1,1,floor_2,floor_2
22,15,2.07,3,3,floor_2_0,1,3,1,1,floor_2,floor_2
22,16,1.69,3,3,floor_2_0,1,3,1,1,floor_2,floor_2
22,17,2.5,3,3,floor_2_0,1,3,1,1,floor_2,floor_2
22,18,1.54,3,3,floor_2_0,1,3,1,1,floor_2,floor_2
22,19,2.18,3,3,floor_2_0,1,3,1,1,floor_2,floor_2
22,20,2.04,3,3,floor_2_0,1,3,1,1,floor_2,floor_2
22,21,2.08,3,3,floor_2_0,1,3,1,1,floor_2,floor_2
22,22,2.44,3,3,floor_2_0,1,3,1,1,floor_2,floor_2
22,23,1.73,3,3,floor_2_0,1,3,1,1,floor_2,floor_2
22,24,3.93,2,2,cluster_2_1,3,2,2,2,cluster_2,cluster_2
22,25,3.27,2,2,cluster_2_1,3,2,2,2,cluster_2,cluster_2
22,26,3.0,2,2,cluster_2_1,3,2,2,2,cluster_2,cluster_2
22,27,3.44,2,2,cluster_2_1,3,2,2,2,cluster_2,cluster_2
22,28,3.01,2,2,cluster_2_1,3,2,2,2,cluster_2,cluster_2
22,29,3.43,2,2,cluster_2_1,3,2,2,2,cluster_2,cluster_2
22,30,3.1,2,2,cluster_2_1,3,2,2,2,cluster_2,cluster_2
22,31,3.0,2,2,cluster_2_1,3,2,2,2,cluster_2,cluster_2
22,32,4.04,2,2,cluster_2_1,3,2,2,2,cluster_2,cluster_2
22,33,3.03,2,2,cluster_2_1,3,2,2,2,cluster_2,cluster_2
22,34,3.36,2,2,cluster_2_1,3,2,2,2,cluster_2,cluster_2
22,35,3.16,2,2,cluster_2_1,3,2,2,2,cluster_2,cluster_2
22,36,3.82,2,2,cluster_2_1,3,2,2,2,cluster_2,cluster_2
22,37,4.95,2,2,cluster_2_-1,6,2,2,2,cluster_2,outlier
22,38,1.69,2,2,cluster_2_3,7,2,2,2,cluster_2,cluster_2
22,39,1.58,2,2,cluster_2_3,7,2,2,2,cluster_2,cluster_2
23,0,2.71,3,3,floor_2_0,1,3,1,1,floor_2,floor_2
23,1,2.55,3,3,floor_2_0,1,3,1,1,floor_2,floor_2
23,2,2.8,3,3,floor_2_0,1,3,1,1,floor_2,floor_2
23,3,1.87,3,3,floor_2_0,1,3,1,1,floor_2,floor_2
23,4,2.3,3,3,floor_2_0,1,3,1,1,floor_2,floor_2
23,5,2.86,3,3,floor_2_0,1,3,1,1,floor_2,floor_2
23,6,2.74,3,3,floor_2_0,1,3,1,1,floor_2,floor_2
23,7,2.95,3,3,floor_2_0,1,3,1,1,floor_2,floor_2
23,8,2.13,3,3,floor_2_0,1,3,1,1,floor_2,floor_2
23,9,1.71,3,3,floor_2_0,1,3,1,1,floor_2,floor_2
23,10,1.65,3,3,floor_2_0,1,3,1,1,floor_2,floor_2
23,11,2.0,3,3,floor_2_0,1,3,1,1,floor_2,floor_2
23,12,2.71,3,3,floor_2_0,1,3,1,1,floor_2,floor_2
23,13,2.14,3,3,floor_2_0,1,3,1,1,floor_2,floor_2
23,14,2.17,3,3,floor_2_0,1,3,1,1,floor_2,floor_2
23,15,2.08,3,3,floor_2_0,1,3,1,1,floor_2,floor_2
23,16,2.03,3,3,floor_2_0,1,3,1,1,floor_2,floor_2
23,17,2.85,3,3,floor_2_0,1,3,1,1,floor_2,floor_2
23,18,1.62,3,3,floor_2_0,1,3,1,1,floor_2,floor_2
23,19,2.46,3,3,floor_2_0,1,3,1,1,floor_2,floor_2
23,20,1.67,3,3,floor_2_0,1,3,1,1,floor_2,floor_2
23,21,1.79,3,3,floor_2_0,1,3,1,1,floor_2,floor_2
23,22,2.04,3,3,floor_2_0,1,3,1,1,floor_2,floor_2
23,23,1.65,3,3,floor_2_0,1,3,1,1,floor_2,floor_2
23,24,3.25,2,2,cluster_2_1,3,2,2,2,cluster_2,cluster_2
23,25,3.03,2,2,cluster_2_1,3,2,2,2,cluster_2,cluster_2
23,26,3.06,2,2,cluster_2_1,3,2,2,2,cluster_2,cluster_2
23,27,4.24,2,2,cluster_2_1,3,2,2,2,cluster_2,cluster_2
23,28,3.69,2,2,cluster_2_1,3,2,2,2,cluster_2,cluster_2
23,29,3.35,2,2,cluster_2_1,3,2,2,2,cluster_2,cluster_2
23,30,4.44,2,2,cluster_2_1,3,2,2,2,cluster_2,cluster_2
23,31,3.59,2,2,cluster_2_1,3,2,2,2,cluster_2,cluster_2
23,32,3.34,2,2,cluster_2_1,3,2,2,2,cluster_2,cluster_2
23,33,3.22,2,2,cluster_2_1,3,2,2,2,cluster_2,cluster_2
23,34,3.16,2,2,cluster_2_1,3,2,2,2,cluster_2,cluster_2
23,35,3.06,2,2,cluster_2_1,3,2,2,2,cluster_2,cluster_2
23,36,3.49,2,2,cluster_2_1,3,2,2,2,cluster_2,cluster_2
23,37,4.3,2,2,cluster_2_1,3,2,2,2,cluster_2,cluster_2
23,38,2.87,2,2,cluster_2_1,3,2,2,2,cluster_2,cluster_2
23,39,1.66,2,2,cluster_2_3,7,2,2,2,cluster_2,cluster_2
