x,y,height,hc_label,merged_group,local_db,local_db_code
0,0,1.05,2,cluster_2,cluster_2_0,0
0,1,1.43,2,cluster_2,cluster_2_0,0
0,2,1.19,2,cluster_2,cluster_2_0,0
0,3,1.03,2,cluster_2,cluster_2_0,0
0,4,1.36,2,cluster_2,cluster_2_0,0
0,5,1.41,2,cluster_2,cluster_2_0,0
0,6,0.91,2,cluster_2,cluster_2_0,0
0,7,0.41,2,cluster_2,cluster_2_0,0
0,8,1.4,2,cluster_2,cluster_2_0,0
0,9,1.48,2,cluster_2,cluster_2_0,0
0,10,1.05,2,cluster_2,cluster_2_0,0
0,11,1.23,2,cluster_2,cluster_2_0,0
0,12,1.09,2,cluster_2,cluster_2_0,0
0,13,0.99,2,cluster_2,cluster_2_0,0
0,14,1.24,2,cluster_2,cluster_2_0,0
0,15,1.15,2,cluster_2,cluster_2_0,0
0,16,0.89,2,cluster_2,cluster_2_0,0
0,17,2.0,1,floor_2,floor_2_0,1
0,18,2.97,1,floor_2,floor_2_0,1
0,19,2.0,1,floor_2,floor_2_0,1
0,20,2.79,1,floor_2,floor_2_0,1
0,21,2.67,1,floor_2,floor_2_0,1
0,22,2.4,1,floor_2,floor_2_0,1
0,23,1.86,1,floor_2,floor_2_0,1
0,24,1.65,1,floor_2,floor_2_0,1
0,25,1.8,1,floor_2,floor_2_0,1
0,26,2.12,1,floor_2,floor_2_0,1
0,27,2.87,1,floor_2,floor_2_0,1
0,28,2.91,1,floor_2,floor_2_0,1
0,29,2.5,1,floor_2,floor_2_0,1
0,30,2.29,1,floor_2,floor_2_0,1
0,31,2.84,1,floor_2,floor_2_0,1
0,32,2.42,1,floor_2,floor_2_0,1
0,33,1.52,1,floor_2,floor_2_0,1
0,34,2.93,1,floor_2,floor_2_0,1
0,35,1.64,1,floor_2,floor_2_0,1
0,36,1.68,1,floor_2,floor_2_0,1
0,37,2.59,1,floor_2,floor_2_0,1
0,38,2.83,1,floor_2,floor_2_0,1
0,39,2.52,1,floor_2,floor_2_0,1
1,0,0.94,2,cluster_2,cluster_2_0,0
1,1,0.76,2,cluster_2,cluster_2_0,0
1,2,0.59,2,cluster_2,cluster_2_0,0
1,3,1.25,2,cluster_2,cluster_2_0,0
1,4,1.39,2,cluster_2,cluster_2_0,0
1,5,1.44,2,cluster_2,cluster_2_0,0
1,6,0.67,2,cluster_2,cluster_2_0,0
1,7,0.9,2,cluster_2,cluster_2_0,0
1,8,0.38,2,cluster_2,cluster_2_0,0
1,9,1.33,2,cluster_2,cluster_2_0,0
1,10,1.21,2,cluster_2,cluster_2_0,0
1,11,1.18,2,cluster_2,cluster_2_0,0
1,12,1.33,2,cluster_2,cluster_2_0,0
1,13,1.36,2,cluster_2,cluster_2_0,0
1,14,1.23,2,cluster_2,cluster_2_0,0
1,15,1.18,2,cluster_2,cluster_2_0,0
1,16,1.97,1,floor_2,floor_2_0,1
1,17,2.48,1,floor_2,floor_2_0,1
1,18,2.21,1,floor_2,floor_2_0,1
1,19,2.47,1,floor_2,floor_2_0,1
1,20,2.31,1,floor_2,floor_2_0,1
1,21,2.65,1,floor_2,floor_2_0,1
1,22,2.23,1,floor_2,floor_2_0,1
1,23,2.15,1,floor_2,floor_2_0,1
1,24,1.95,1,floor_2,floor_2_0,1
1,25,2.01,1,floor_2,floor_2_0,1
1,26,2.48,1,floor_2,floor_2_0,1
1,27,1.62,1,floor_2,floor_2_0,1
1,28,2.59,1,floor_2,floor_2_0,1
1,29,2.67,1,floor_2,floor_2_0,1
1,30,2.0,1,floor_2,floor_2_0,1
1,31,1.93,1,floor_2,floor_2_0,1
1,32,1.54,1,floor_2,floor_2_0,1
1,33,1.88,1,floor_2,floor_2_0,1
1,34,2.84,1,floor_2,floor_2_0,1
1,35,2.25,1,floor_2,floor_2_0,1
1,36,2.4,1,floor_2,floor_2_0,1
1,37,1.69,1,floor_2,floor_2_0,1
1,38,2.31,1,floor_2,floor_2_0,1
1,39,1.76,1,floor_2,floor_2_0,1
2,0,1.43,2,cluster_2,cluster_2_0,0
2,1,0.91,2,cluster_2,cluster_2_0,0
2,2,1.06,2,cluster_2,cluster_2_0,0
2,3,1.35,2,cluster_2,cluster_2_0,0
2,4,1.34,2,cluster_2,cluster_2_0,0
2,5,1.1,2,cluster_2,cluster_2_0,0
2,6,1.25,2,cluster_2,cluster_2_0,0
2,7,0.64,2,cluster_2,cluster_2_0,0
2,8,1.01,2,cluster_2,cluster_2_0,0
2,9,1.21,2,cluster_2,cluster_2_0,0
2,10,1.37,2,cluster_2,cluster_2_0,0
2,11,1.29,2,cluster_2,cluster_2_0,0
2,12,1.41,2,cluster_2,cluster_2_0,0
2,13,1.09,2,cluster_2,cluster_2_0,0
2,14,0.75,2,cluster_2,cluster_2_0,0
2,15,0.55,2,cluster_2,cluster_2_0,0
2,16,2.06,1,floor_2,floor_2_0,1
2,17,1.76,1,floor_2,floor_2_0,1
2,18,2.18,1,floor_2,floor_2_0,1
2,19,2.6,1,floor_2,floor_2_0,1
2,20,1.84,1,floor_2,floor_2_0,1
2,21,2.18,1,floor_2,floor_2_0,1
2,22,2.54,1,floor_2,floor_2_0,1
2,23,2.51,1,floor_2,floor_2_0,1
2,24,2.27,1,floor_2,floor_2_0,1
2,25,1.51,1,floor_2,floor_2_0,1
2,26,2.67,1,floor_2,floor_2_0,1
2,27,2.48,1,floor_2,floor_2_0,1
2,28,2.06,1,floor_2,floor_2_0,1
2,29,2.66,1,floor_2,floor_2_0,1
2,30,2.37,1,floor_2,floor_2_0,1
2,31,2.05,1,floor_2,floor_2_0,1
2,32,2.59,1,floor_2,floor_2_0,1
2,33,2.17,1,floor_2,floor_2_0,1
2,34,2.45,1,floor_2,floor_2_0,1
2,35,1.75,1,floor_2,floor_2_0,1
2,36,1.87,1,floor_2,floor_2_0,1
2,37,2.77,1,floor_2,floor_2_0,1
2,38,2.54,1,floor_2,floor_2_0,1
2,39,1.84,1,floor_2,floor_2_0,1
3,0,1.19,2,cluster_2,cluster_2_0,0
3,1,1.19,2,cluster_2,cluster_2_0,0
3,2,1.06,2,cluster_2,cluster_2_0,0
3,3,1.22,2,cluster_2,cluster_2_0,0
3,4,0.73,2,cluster_2,cluster_2_0,0
3,5,1.08,2,cluster_2,cluster_2_0,0
3,6,1.31,2,cluster_2,cluster_2_0,0
3,7,1.31,2,cluster_2,cluster_2_0,0
3,8,1.49,2,cluster_2,cluster_2_0,0
3,9,1.37,2,cluster_2,cluster_2_0,0
3,10,1.06,2,cluster_2,cluster_2_0,0
3,11,1.17,2,cluster_2,cluster_2_0,0
3,12,1.46,2,cluster_2,cluster_2_0,0
3,13,1.14,2,cluster_2,cluster_2_0,0
3,14,0.72,2,cluster_2,cluster_2_0,0
3,15,2.93,1,floor_2,floor_2_0,1
3,16,2.94,1,floor_2,floor_2_0,1
3,17,2.97,1,floor_2,floor_2_0,1
3,18,2.13,1,floor_2,floor_2_0,1
3,19,1.67,1,floor_2,floor_2_0,1
3,20,2.55,1,floor_2,floor_2_0,1
3,21,2.88,1,floor_2,floor_2_0,1
3,22,1.74,1,floor_2,floor_2_0,1
3,23,2.67,1,floor_2,floor_2_0,1
3,24,1.88,1,floor_2,floor_2_0,1
3,25,1.97,1,floor_2,floor_2_0,1
3,26,2.44,1,floor_2,floor_2_0,1
3,27,2.39,1,floor_2,floor_2_0,1
3,28,1.6,1,floor_2,floor_2_0,1
3,29,2.67,1,floor_2,floor_2_0,1
3,30,2.38,1,floor_2,floor_2_0,1
3,31,2.41,1,floor_2,floor_2_0,1
3,32,1.56,1,floor_2,floor_2_0,1
3,33,1.93,1,floor_2,floor_2_0,1
3,34,2.46,1,floor_2,floor_2_0,1
3,35,2.05,1,floor_2,floor_2_0,1
3,36,2.49,1,floor_2,floor_2_0,1
3,37,2.56,1,floor_2,floor_2_0,1
3,38,2.57,1,floor_2,floor_2_0,1
3,39,2.12,1,floor_2,floor_2_0,1
4,0,1.36,2,cluster_2,cluster_2_0,0
4,1,1.41,2,cluster_2,cluster_2_0,0
4,2,1.38,2,cluster_2,cluster_2_0,0
4,3,1.04,2,cluster_2,cluster_2_0,0
4,4,1.24,2,cluster_2,cluster_2_0,0
4,5,0.99,2,cluster_2,cluster_2_0,0
4,6,0.88,2,cluster_2,cluster_2_0,0
4,7,0.85,2,cluster_2,cluster_2_0,0
4,8,0.87,2,cluster_2,cluster_2_0,0
4,9,0.76,2,cluster_2,cluster_2_0,0
4,10,0.71,2,cluster_2,cluster_2_0,0
4,11,1.28,2,cluster_2,cluster_2_0,0
4,12,1.49,2,cluster_2,cluster_2_0,0
4,13,1.14,2,cluster_2,cluster_2_0,0
4,14,1.53,1,floor_2,floor_2_0,1
4,15,1.76,1,floor_2,floor_2_0,1
4,16,1.59,1,floor_2,floor_2_0,1
4,17,1.72,1,floor_2,floor_2_0,1
4,18,1.85,1,floor_2,floor_2_0,1
4,19,1.85,1,floor_2,floor_2_0,1
4,20,1.81,1,floor_2,floor_2_0,1
4,21,1.67,1,floor_2,floor_2_0,1
4,22,2.19,1,floor_2,floor_2_0,1
4,23,2.31,1,floor_2,floor_2_0,1
4,24,2.26,1,floor_2,floor_2_0,1
4,25,2.26,1,floor_2,floor_2_0,1
4,26,2.37,1,floor_2,floor_2_0,1
4,27,2.18,1,floor_2,floor_2_0,1
4,28,2.55,1,floor_2,floor_2_0,1
4,29,1.91,1,floor_2,floor_2_0,1
4,30,2.26,1,floor_2,floor_2_0,1
4,31,2.05,1,floor_2,floor_2_0,1
4,32,1.75,1,floor_2,floor_2_0,1
4,33,2.63,1,floor_2,floor_2_0,1
4,34,1.73,1,floor_2,floor_2_0,1
4,35,2.49,1,floor_2,floor_2_0,1
4,36,2.34,1,floor_2,floor_2_0,1
4,37,2.39,1,floor_2,floor_2_0,1
4,38,1.77,1,floor_2,floor_2_0,1
4,39,2.4,1,floor_2,floor_2_0,1
5,0,1.34,2,cluster_2,cluster_2_0,0
5,1,1.07,2,cluster_2,cluster_2_0,0
5,2,1.47,2,cluster_2,cluster_2_0,0
5,3,1.43,2,cluster_2,cluster_2_0,0
5,4,1.4,2,cluster_2,cluster_2_0,0
5,5,1.46,2,cluster_2,cluster_2_0,0
5,6,0.96,2,cluster_2,cluster_2_0,0
5,7,1.23,2,cluster_2,cluster_2_0,0
5,8,1.48,2,cluster_2,cluster_2_0,0
5,9,1.06,2,cluster_2,cluster_2_0,0
5,10,1.22,2,cluster_2,cluster_2_0,0
5,11,1.37,2,cluster_2,cluster_2_0,0
5,12,1.34,2,cluster_2,cluster_2_0,0
5,13,1.4,2,cluster_2,cluster_2_0,0
5,14,1.66,1,floor_2,floor_2_0,1
5,15,2.18,1,floor_2,floor_2_0,1
5,16,2.58,1,floor_2,floor_2_0,1
5,17,2.03,1,floor_2,floor_2_0,1
5,18,1.63,1,floor_2,floor_2_0,1
5,19,2.73,1,floor_2,floor_2_0,1
5,20,1.75,1,floor_2,floor_2_0,1
5,21,2.44,1,floor_2,floor_2_0,1
5,22,2.39,1,floor_2,floor_2_0,1
5,23,1.56,1,floor_2,floor_2_0,1
5,24,2.02,1,floor_2,floor_2_0,1
5,25,2.93,1,floor_2,floor_2_0,1
5,26,2.05,1,floor_2,floor_2_0,1
5,27,2.19,1,floor_2,floor_2_0,1
5,28,1.9,1,floor_2,floor_2_0,1
5,29,1.88,1,floor_2,floor_2_0,1
5,30,2.86,1,floor_2,floor_2_0,1
5,31,2.35,1,floor_2,floor_2_0,1
5,32,2.59,1,floor_2,floor_2_0,1
5,33,5.04,0,cluster_0,cluster_0_-1,2
5,34,4.24,0,cluster_0,cluster_0_0,3
5,35,2.6,1,floor_2,floor_2_0,1
5,36,2.14,1,floor_2,floor_2_0,1
5,37,2.19,1,floor_2,floor_2_0,1
5,38,2.32,1,floor_2,floor_2_0,1
5,39,1.88,1,floor_2,floor_2_0,1
6,0,1.15,2,cluster_2,cluster_2_0,0
6,1,0.65,2,cluster_2,cluster_2_0,0
6,2,1.11,2,cluster_2,cluster_2_0,0
6,3,1.32,2,cluster_2,cluster_2_0,0
6,4,1.45,2,cluster_2,cluster_2_0,0
6,5,0.66,2,cluster_2,cluster_2_0,0
6,6,1.11,2,cluster_2,cluster_2_0,0
6,7,1.1,2,cluster_2,cluster_2_0,0
6,8,1.29,2,cluster_2,cluster_2_0,0
6,9,1.35,2,cluster_2,cluster_2_0,0
6,10,1.37,2,cluster_2,cluster_2_0,0
6,11,0.58,2,cluster_2,cluster_2_0,0
6,12,1.43,2,cluster_2,cluster_2_0,0
6,13,1.78,1,floor_2,floor_2_0,1
6,14,2.03,1,floor_2,floor_2_0,1
6,15,1.99,1,floor_2,floor_2_0,1
6,16,2.36,1,floor_2,floor_2_0,1
6,17,1.85,1,floor_2,floor_2_0,1
6,18,2.63,1,floor_2,floor_2_0,1
6,19,2.39,1,floor_2,floor_2_0,1
6,20,1.63,1,floor_2,floor_2_0,1
6,21,2.08,1,floor_2,floor_2_0,1
6,22,1.85,1,floor_2,floor_2_0,1
6,23,1.67,1,floor_2,floor_2_0,1
6,24,2.94,1,floor_2,floor_2_0,1
6,25,2.81,1,floor_2,floor_2_0,1
6,26,1.72,1,floor_2,floor_2_0,1
6,27,1.74,1,floor_2,floor_2_0,1
6,28,1.93,1,floor_2,floor_2_0,1
6,29,1.91,1,floor_2,floor_2_0,1
6,30,2.19,1,floor_2,floor_2_0,1
6,31,1.58,1,floor_2,floor_2_0,1
6,32,1.59,1,floor_2,floor_2_0,1
6,33,3.15,0,cluster_0,cluster_0_-1,2
6,34,3.73,0,cluster_0,cluster_0_0,3
6,35,3.79,0,cluster_0,cluster_0_0,3
6,36,1.88,1,floor_2,floor_2_0,1
6,37,1.58,1,floor_2,floor_2_0,1
6,38,2.14,1,floor_2,floor_2_0,1
6,39,1.92,1,floor_2,floor_2_0,1
7,0,1.48,2,cluster_2,cluster_2_0,0
7,1,2.27,2,cluster_2,cluster_2_-1,4
7,2,1.18,2,cluster_2,cluster_2_0,0
7,3,1.37,2,cluster_2,cluster_2_0,0
7,4,1.34,2,cluster_2,cluster_2_0,0
7,5,1.47,2,cluster_2,cluster_2_0,0
7,6,1.37,2,cluster_2,cluster_2_0,0
7,7,0.74,2,cluster_2,cluster_2_0,0
7,8,1.29,2,cluster_2,cluster_2_0,0
7,9,0.91,2,cluster_2,cluster_2_0,0
7,10,1.47,2,cluster_2,cluster_2_0,0
7,11,2.12,1,floor_2,floor_2_0,1
7,12,0.99,2,cluster_2,cluster_2_0,0
7,13,2.63,1,floor_2,floor_2_0,1
7,14,2.98,1,floor_2,floor_2_0,1
7,15,1.88,1,floor_2,floor_2_0,1
7,16,1.82,1,floor_2,floor_2_0,1
7,17,1.97,1,floor_2,floor_2_0,1
7,18,2.79,1,floor_2,floor_2_0,1
7,19,1.63,1,floor_2,floor_2_0,1
7,20,2.91,1,floor_2,floor_2_0,1
7,21,1.93,1,floor_2,floor_2_0,1
7,22,1.75,1,floor_2,floor_2_0,1
7,23,1.87,1,floor_2,floor_2_0,1
7,24,2.13,1,floor_2,floor_2_0,1
7,25,2.18,1,floor_2,floor_2_0,1
7,26,2.04,1,floor_2,floor_2_0,1
7,27,1.77,1,floor_2,floor_2_0,1
7,28,2.81,1,floor_2,floor_2_0,1
7,29,2.35,1,floor_2,floor_2_0,1
7,30,1.75,1,floor_2,floor_2_0,1
7,31,2.42,1,floor_2,floor_2_0,1
7,32,2.22,1,floor_2,floor_2_0,1
7,33,3.68,0,cluster_0,cluster_0_0,3
7,34,4.09,0,cluster_0,cluster_0_0,3
7,35,5.11,0,cluster_0,cluster_0_-1,2
7,36,2.5,1,floor_2,floor_2_0,1
7,37,2.42,1,floor_2,floor_2_0,1
7,38,2.73,1,floor_2,floor_2_0,1
7,39,1.86,1,floor_2,floor_2_0,1
8,0,1.28,2,cluster_2,cluster_2_0,0
8,1,1.32,2,cluster_2,cluster_2_0,0
8,2,1.15,2,cluster_2,cluster_2_0,0
8,3,1.19,2,cluster_2,cluster_2_0,0
8,4,1.06,2,cluster_2,cluster_2_0,0
8,5,1.17,2,cluster_2,cluster_2_0,0
8,6,1.39,2,cluster_2,cluster_2_0,0
8,7,1.43,2,cluster_2,cluster_2_0,0
8,8,1.39,2,cluster_2,cluster_2_0,0
8,9,1.12,2,cluster_2,cluster_2_0,0
8,10,1.18,2,cluster_2,cluster_2_0,0
8,11,2.82,1,floor_2,floor_2_0,1
8,12,1.89,1,floor_2,floor_2_0,1
8,13,1.77,1,floor_2,floor_2_0,1
8,14,2.84,1,floor_2,floor_2_0,1
8,15,1.62,1,floor_2,floor_2_0,1
8,16,1.52,1,floor_2,floor_2_0,1
8,17,1.58,1,floor_2,floor_2_0,1
8,18,1.9,1,floor_2,floor_2_0,1
8,19,2.86,1,floor_2,floor_2_0,1
8,20,2.28,1,floor_2,floor_2_0,1
8,21,1.64,1,floor_2,floor_2_0,1
8,22,1.82,1,floor_2,floor_2_0,1
8,23,2.8,1,floor_2,floor_2_0,1
8,24,1.6,1,floor_2,floor_2_0,1
8,25,1.77,1,floor_2,floor_2_0,1
8,26,2.42,1,floor_2,floor_2_0,1
8,27,2.12,1,floor_2,floor_2_0,1
8,28,2.23,1,floor_2,floor_2_0,1
8,29,1.75,1,floor_2,floor_2_0,1
8,30,1.99,1,floor_2,floor_2_0,1
8,31,1.59,1,floor_2,floor_2_0,1
8,32,2.74,1,floor_2,floor_2_0,1
8,33,5.01,0,cluster_0,cluster_0_-1,2
8,34,3.46,0,cluster_0,cluster_0_0,3
8,35,3.43,0,cluster_0,cluster_0_0,3
8,36,2.49,1,floor_2,floor_2_0,1
8,37,2.06,1,floor_2,floor_2_0,1
8,38,2.75,1,floor_2,floor_2_0,1
8,39,2.02,1,floor_2,floor_2_0,1
9,0,1.15,2,cluster_2,cluster_2_0,0
9,1,1.47,2,cluster_2,cluster_2_0,0
9,2,0.9,2,cluster_2,cluster_2_0,0
9,3,1.26,2,cluster_2,cluster_2_0,0
9,4,1.3,2,cluster_2,cluster_2_0,0
9,5,1.23,2,cluster_2,cluster_2_0,0
9,6,1.47,2,cluster_2,cluster_2_0,0
9,7,1.14,2,cluster_2,cluster_2_0,0
9,8,1.29,2,cluster_2,cluster_2_0,0
9,9,1.44,2,cluster_2,cluster_2_0,0
9,10,1.29,2,cluster_2,cluster_2_0,0
9,11,1.56,1,floor_2,floor_2_0,1
9,12,2.44,1,floor_2,floor_2_0,1
9,13,2.21,1,floor_2,floor_2_0,1
9,14,1.89,1,floor_2,floor_2_0,1
9,15,2.89,1,floor_2,floor_2_0,1
9,16,1.93,1,floor_2,floor_2_0,1
9,17,1.75,1,floor_2,floor_2_0,1
9,18,1.76,1,floor_2,floor_2_0,1
9,19,2.09,1,floor_2,floor_2_0,1
9,20,1.56,1,floor_2,floor_2_0,1
9,21,2.79,1,floor_2,floor_2_0,1
9,22,1.91,1,floor_2,floor_2_0,1
9,23,1.63,1,floor_2,floor_2_0,1
9,24,2.19,1,floor_2,floor_2_0,1
9,25,2.43,1,floor_2,floor_2_0,1
9,26,2.01,1,floor_2,floor_2_0,1
9,27,2.6,1,floor_2,floor_2_0,1
9,28,2.44,1,floor_2,floor_2_0,1
9,29,2.31,1,floor_2,floor_2_0,1
9,30,3.03,1,floor_2,floor_2_0,1
9,31,2.72,1,floor_2,floor_2_0,1
9,32,2.42,1,floor_2,floor_2_0,1
9,33,3.47,0,cluster_0,cluster_0_0,3
9,34,4.04,0,cluster_0,cluster_0_0,3
9,35,3.1,0,cluster_0,cluster_0_0,3
9,36,2.05,1,floor_2,floor_2_0,1
9,37,2.18,1,floor_2,floor_2_0,1
9,38,1.69,1,floor_2,floor_2_0,1
9,39,2.36,1,floor_2,floor_2_0,1
10,0,1.16,2,cluster_2,cluster_2_0,0
10,1,1.48,2,cluster_2,cluster_2_0,0
10,2,1.25,2,cluster_2,cluster_2_0,0
10,3,1.46,2,cluster_2,cluster_2_0,0
10,4,1.36,2,cluster_2,cluster_2_0,0
10,5,1.3,2,cluster_2,cluster_2_0,0
10,6,1.33,2,cluster_2,cluster_2_0,0
10,7,1.31,2,cluster_2,cluster_2_0,0
10,8,1.42,2,cluster_2,cluster_2_0,0
10,9,1.38,2,cluster_2,cluster_2_0,0
10,10,1.23,2,cluster_2,cluster_2_0,0
10,11,2.91,1,floor_2,floor_2_0,1
10,12,2.2,1,floor_2,floor_2_0,1
10,13,1.64,1,floor_2,floor_2_0,1
10,14,2.09,1,floor_2,floor_2_0,1
10,15,1.8,1,floor_2,floor_2_0,1
10,16,1.91,1,floor_2,floor_2_0,1
10,17,1.61,1,floor_2,floor_2_0,1
10,18,2.8,1,floor_2,floor_2_0,1
10,19,2.67,1,floor_2,floor_2_0,1
10,20,1.69,1,floor_2,floor_2_0,1
10,21,1.69,1,floor_2,floor_2_0,1
10,22,2.12,1,floor_2,floor_2_0,1
10,23,1.52,1,floor_2,floor_2_0,1
10,24,2.14,1,floor_2,floor_2_0,1
10,25,2.08,1,floor_2,floor_2_0,1
10,26,1.62,1,floor_2,floor_2_0,1
10,27,2.04,1,floor_2,floor_2_0,1
10,28,1.58,1,floor_2,floor_2_0,1
10,29,3.76,0,cluster_0,cluster_0_0,3
10,30,3.65,0,cluster_0,cluster_0_0,3
10,31,2.26,1,floor_2,floor_2_0,1
10,32,3.98,0,cluster_0,cluster_0_0,3
10,33,3.16,0,cluster_0,cluster_0_0,3
10,34,3.35,0,cluster_0,cluster_0_0,3
10,35,3.73,0,cluster_0,cluster_0_0,3
10,36,1.55,1,floor_2,floor_2_0,1
10,37,1.78,1,floor_2,floor_2_0,1
10,38,1.53,1,floor_2,floor_2_0,1
10,39,1.72,1,floor_2,floor_2_0,1
11,0,1.01,2,cluster_2,cluster_2_0,0
11,1,1.17,2,cluster_2,cluster_2_0,0
11,2,1.44,2,cluster_2,cluster_2_0,0
11,3,1.22,2,cluster_2,cluster_2_0,0
11,4,1.46,2,cluster_2,cluster_2_0,0
11,5,1.11,2,cluster_2,cluster_2_0,0
11,6,1.23,2,cluster_2,cluster_2_0,0
11,7,1.46,2,cluster_2,cluster_2_0,0
11,8,2.05,1,floor_2,floor_2_0,1
11,9,1.24,2,cluster_2,cluster_2_0,0
11,10,0.53,2,cluster_2,cluster_2_-1,4
11,11,1.85,1,floor_2,floor_2_0,1
11,12,2.1,1,floor_2,floor_2_0,1
11,13,1.77,1,floor_2,floor_2_0,1
11,14,2.66,3,floor_2,floor_2_0,1
11,15,1.6,1,floor_2,floor_2_0,1
11,16,1.55,1,floor_2,floor_2_0,1
11,17,1.62,1,floor_2,floor_2_0,1
11,18,1.51,1,floor_2,floor_2_0,1
11,19,2.86,1,floor_2,floor_2_0,1
11,20,1.88,1,floor_2,floor_2_0,1
11,21,2.13,1,floor_2,floor_2_0,1
11,22,1.93,1,floor_2,floor_2_0,1
11,23,2.1,1,floor_2,floor_2_0,1
11,24,2.44,1,floor_2,floor_2_0,1
11,25,2.07,1,floor_2,floor_2_0,1
11,26,2.17,1,floor_2,floor_2_0,1
11,27,1.96,1,floor_2,floor_2_0,1
11,28,2.2,1,floor_2,floor_2_0,1
11,29,4.84,0,cluster_0,cluster_0_1,5
11,30,3.46,0,cluster_0,cluster_0_0,3
11,31,1.92,1,floor_2,floor_2_0,1
11,32,3.66,0,cluster_0,cluster_0_0,3
11,33,3.06,0,cluster_0,cluster_0_0,3
11,34,3.19,0,cluster_0,cluster_0_0,3
11,35,3.91,0,cluster_0,cluster_0_0,3
11,36,1.6,1,floor_2,floor_2_0,1
11,37,2.91,0,cluster_0,cluster_0_0,3
11,38,2.05,1,floor_2,floor_2_0,1
11,39,1.54,1,floor_2,floor_2_0,1
12,0,1.33,2,cluster_2,cluster_2_0,0
12,1,1.36,2,cluster_2,cluster_2_0,0
12,2,0.79,2,cluster_2,cluster_2_0,0
12,3,1.28,2,cluster_2,cluster_2_0,0
12,4,0.57,2,cluster_2,cluster_2_0,0
12,5,1.51,2,cluster_2,cluster_2_0,0
12,6,1.14,2,cluster_2,cluster_2_0,0
12,7,0.88,2,cluster_2,cluster_2_0,0
12,8,2.24,1,floor_2,floor_2_0,1
12,9,1.18,2,cluster_2,cluster_2_0,0
12,10,0.95,2,cluster_2,cluster_2_0,0
12,11,2.75,3,floor_2,floor_2_0,1
12,12,1.72,1,floor_2,floor_2_0,1
12,13,1.79,1,floor_2,floor_2_0,1
12,14,2.27,1,floor_2,floor_2_0,1
12,15,2.81,3,floor_2,floor_2_0,1
12,16,1.69,1,floor_2,floor_2_0,1
12,17,1.78,1,floor_2,floor_2_0,1
12,18,2.93,3,floor_2,floor_2_0,1
12,19,2.19,1,floor_2,floor_2_0,1
12,20,2.39,1,floor_2,floor_2_0,1
12,21,1.71,1,floor_2,floor_2_0,1
12,22,2.66,1,floor_2,floor_2_0,1
12,23,2.44,1,floor_2,floor_2_0,1
12,24,2.79,1,floor_2,floor_2_0,1
12,25,1.68,1,floor_2,floor_2_0,1
12,26,1.75,1,floor_2,floor_2_0,1
12,27,1.88,1,floor_2,floor_2_0,1
12,28,1.64,1,floor_2,floor_2_0,1
12,29,3.12,0,cluster_0,cluster_0_0,3
12,30,3.88,0,cluster_0,cluster_0_0,3
12,31,3.74,0,cluster_0,cluster_0_0,3
12,32,3.7,0,cluster_0,cluster_0_0,3
12,33,3.5,0,cluster_0,cluster_0_0,3
12,34,4.06,0,cluster_0,cluster_0_0,3
12,35,3.01,0,cluster_0,cluster_0_0,3
12,36,2.65,0,cluster_0,cluster_0_0,3
12,37,1.97,1,floor_2,floor_2_0,1
12,38,2.78,0,cluster_0,cluster_0_0,3
12,39,2.86,0,cluster_0,cluster_0_0,3
13,0,1.33,2,cluster_2,cluster_2_0,0
13,1,1.34,2,cluster_2,cluster_2_0,0
13,2,0.74,2,cluster_2,cluster_2_0,0
13,3,1.38,2,cluster_2,cluster_2_0,0
13,4,1.37,2,cluster_2,cluster_2_0,0
13,5,2.06,1,floor_2,floor_2_0,1
13,6,0.66,2,cluster_2,cluster_2_0,0
13,7,1.25,2,cluster_2,cluster_2_0,0
13,8,2.71,3,floor_2,floor_2_0,1
13,9,1.72,2,cluster_2,cluster_2_0,0
13,10,1.04,2,cluster_2,cluster_2_0,0
13,11,1.64,1,floor_2,floor_2_0,1
13,12,1.64,1,floor_2,floor_2_0,1
13,13,1.7,1,floor_2,floor_2_0,1
13,14,2.38,1,floor_2,floor_2_0,1
13,15,2.87,3,floor_2,floor_2_0,1
13,16,2.22,1,floor_2,floor_2_0,1
13,17,2.41,1,floor_2,floor_2_0,1
13,18,2.91,3,floor_2,floor_2_0,1
13,19,1.81,1,floor_2,floor_2_0,1
13,20,2.02,1,floor_2,floor_2_0,1
13,21,1.53,1,floor_2,floor_2_0,1
13,22,2.44,1,floor_2,floor_2_0,1
13,23,1.93,1,floor_2,floor_2_0,1
13,24,1.91,1,floor_2,floor_2_0,1
13,25,1.94,1,floor_2,floor_2_0,1
13,26,2.04,1,floor_2,floor_2_0,1
13,27,2.51,1,floor_2,floor_2_0,1
13,28,2.22,1,floor_2,floor_2_0,1
13,29,3.24,0,cluster_0,cluster_0_0,3
13,30,4.79,0,cluster_0,cluster_0_1,5
13,31,3.16,0,cluster_0,cluster_0_0,3
13,32,3.55,0,cluster_0,cluster_0_0,3
13,33,4.1,0,cluster_0,cluster_0_0,3
13,34,4.83,0,cluster_0,cluster_0_1,5
13,35,3.01,0,cluster_0,cluster_0_0,3
13,36,3.46,0,cluster_0,cluster_0_0,3
13,37,2.54,0,cluster_0,cluster_0_0,3
13,38,2.58,0,cluster_0,cluster_0_0,3
13,39,2.35,0,cluster_0,cluster_0_0,3
14,0,1.44,2,cluster_2,cluster_2_0,0
14,1,1.11,2,cluster_2,cluster_2_0,0
14,2,1.12,2,cluster_2,cluster_2_0,0
14,3,1.2,2,cluster_2,cluster_2_0,0
14,4,1.1,2,cluster_2,cluster_2_0,0
14,5,1.67,2,cluster_2,cluster_2_0,0
14,6,1.61,2,cluster_2,cluster_2_0,0
14,7,0.86,2,cluster_2,cluster_2_0,0
14,8,1.51,2,cluster_2,cluster_2_0,0
14,9,2.28,1,floor_2,floor_2_0,1
14,10,2.38,1,floor_2,floor_2_0,1
14,11,2.88,3,floor_2,floor_2_0,1
14,12,2.87,3,floor_2,floor_2_0,1
14,13,1.69,1,floor_2,floor_2_0,1
14,14,2.61,3,floor_2,floor_2_0,1
14,15,2.31,1,floor_2,floor_2_0,1
14,16,2.11,1,floor_2,floor_2_0,1
14,17,2.79,3,floor_2,floor_2_0,1
14,18,2.39,1,floor_2,floor_2_0,1
14,19,1.36,1,floor_2,floor_2_0,1
14,20,2.26,1,floor_2,floor_2_0,1
14,21,1.75,1,floor_2,floor_2_0,1
14,22,2.11,1,floor_2,floor_2_0,1
14,23,2.17,1,floor_2,floor_2_0,1
14,24,2.13,1,floor_2,floor_2_0,1
14,25,2.15,1,floor_2,floor_2_0,1
14,26,3.63,0,cluster_0,cluster_0_0,3
14,27,1.84,1,floor_2,floor_2_0,1
14,28,4.81,0,cluster_0,cluster_0_1,5
14,29,3.69,0,cluster_0,cluster_0_0,3
14,30,3.0,0,cluster_0,cluster_0_0,3
14,31,3.0,0,cluster_0,cluster_0_0,3
14,32,3.88,0,cluster_0,cluster_0_0,3
14,33,6.17,0,cluster_0,cluster_0_-1,2
14,34,3.21,0,cluster_0,cluster_0_0,3
14,35,4.05,0,cluster_0,cluster_0_0,3
14,36,3.35,0,cluster_0,cluster_0_0,3
14,37,1.52,1,floor_2,floor_2_0,1
14,38,1.91,1,floor_2,floor_2_0,1
14,39,2.43,0,cluster_0,cluster_0_0,3
15,0,1.48,2,cluster_2,cluster_2_0,0
15,1,0.95,2,cluster_2,cluster_2_0,0
15,2,2.84,3,floor_2,floor_2_0,1
15,3,1.27,2,cluster_2,cluster_2_0,0
15,4,1.11,2,cluster_2,cluster_2_0,0
15,5,1.56,2,cluster_2,cluster_2_0,0
15,6,2.82,3,floor_2,floor_2_0,1
15,7,1.52,2,cluster_2,cluster_2_0,0
15,8,1.9,2,cluster_2,cluster_2_0,0
15,9,1.68,2,cluster_2,cluster_2_0,0
15,10,2.23,1,floor_2,floor_2_0,1
15,11,2.02,1,floor_2,floor_2_0,1
15,12,2.63,3,floor_2,floor_2_0,1
15,13,2.18,1,floor_2,floor_2_0,1
15,14,2.03,1,floor_2,floor_2_0,1
15,15,1.56,1,floor_2,floor_2_0,1
15,16,2.48,1,floor_2,floor_2_0,1
15,17,1.67,1,floor_2,floor_2_0,1
15,18,1.7,1,floor_2,floor_2_0,1
15,19,1.87,3,floor_2,floor_2_0,1
15,20,2.25,1,floor_2,floor_2_0,1
15,21,1.53,1,floor_2,floor_2_0,1
15,22,1.98,1,floor_2,floor_2_0,1
15,23,2.61,1,floor_2,floor_2_0,1
15,24,1.69,1,floor_2,floor_2_0,1
15,25,3.93,0,cluster_0,cluster_0_0,3
15,26,3.08,0,cluster_0,cluster_0_0,3
15,27,2.51,1,floor_2,floor_2_0,1
15,28,3.82,0,cluster_0,cluster_0_0,3
15,29,3.04,0,cluster_0,cluster_0_0,3
15,30,3.81,0,cluster_0,cluster_0_0,3
15,31,5.35,0,cluster_0,cluster_0_-1,2
15,32,3.27,0,cluster_0,cluster_0_0,3
15,33,3.02,0,cluster_0,cluster_0_0,3
15,34,3.01,0,cluster_0,cluster_0_0,3
15,35,3.94,0,cluster_0,cluster_0_0,3
15,36,4.88,0,cluster_0,cluster_0_-1,2
15,37,1.97,1,floor_2,floor_2_0,1
15,38,1.51,1,floor_2,floor_2_0,1
15,39,2.77,1,floor_2,floor_2_0,1
16,0,0.97,2,cluster_2,cluster_2_0,0
16,1,1.21,2,cluster_2,cluster_2_0,0
16,2,1.57,2,cluster_2,cluster_2_0,0
16,3,1.14,2,cluster_2,cluster_2_0,0
16,4,2.39,3,floor_2,floor_2_0,1
16,5,2.49,3,floor_2,floor_2_0,1
16,6,1.84,2,cluster_2,cluster_2_0,0
16,7,2.08,3,floor_2,floor_2_0,1
16,8,2.86,3,floor_2,floor_2_0,1
16,9,2.2,1,floor_2,floor_2_0,1
16,10,2.55,3,floor_2,floor_2_0,1
16,11,1.77,3,floor_2,floor_2_0,1
16,12,1.91,3,floor_2,floor_2_0,1
16,13,2.76,3,floor_2,floor_2_0,1
16,14,2.85,3,floor_2,floor_2_0,1
16,15,1.93,3,floor_2,floor_2_0,1
16,16,1.9,3,floor_2,floor_2_0,1
16,17,2.97,3,floor_2,floor_2_0,1
16,18,2.44,3,floor_2,floor_2_0,1
16,19,2.9,3,floor_2,floor_2_0,1
16,20,2.22,1,floor_2,floor_2_0,1
16,21,2.49,1,floor_2,floor_2_0,1
16,22,2.16,1,floor_2,floor_2_0,1
16,23,2.38,1,floor_2,floor_2_0,1
16,24,2.38,1,floor_2,floor_2_0,1
16,25,3.12,0,cluster_0,cluster_0_0,3
16,26,3.27,0,cluster_0,cluster_0_0,3
16,27,2.18,1,floor_2,floor_2_0,1
16,28,3.2,0,cluster_0,cluster_0_0,3
16,29,3.23,0,cluster_0,cluster_0_0,3
16,30,3.41,0,cluster_0,cluster_0_0,3
16,31,3.15,0,cluster_0,cluster_0_0,3
16,32,3.28,0,cluster_0,cluster_0_0,3
16,33,3.63,0,cluster_0,cluster_0_0,3
16,34,3.71,0,cluster_0,cluster_0_0,3
16,35,3.03,0,cluster_0,cluster_0_0,3
16,36,3.0,0,cluster_0,cluster_0_0,3
16,37,1.8,1,floor_2,floor_2_0,1
16,38,2.29,1,floor_2,floor_2_0,1
16,39,1.8,1,floor_2,floor_2_0,1
17,0,1.38,2,cluster_2,cluster_2_0,0
17,1,1.09,2,cluster_2,cluster_2_0,0
17,2,2.28,3,floor_2,floor_2_0,1
17,3,0.92,2,cluster_2,cluster_2_0,0
17,4,1.91,3,floor_2,floor_2_0,1
17,5,1.61,2,cluster_2,cluster_2_0,0
17,6,1.95,3,floor_2,floor_2_0,1
17,7,2.11,3,floor_2,floor_2_0,1
17,8,2.11,3,floor_2,floor_2_0,1
17,9,1.53,3,floor_2,floor_2_0,1
17,10,2.79,3,floor_2,floor_2_0,1
17,11,2.1,3,floor_2,floor_2_0,1
17,12,1.7,3,floor_2,floor_2_0,1
17,13,2.6,3,floor_2,floor_2_0,1
17,14,2.86,3,floor_2,floor_2_0,1
17,15,2.27,3,floor_2,floor_2_0,1
17,16,2.03,3,floor_2,floor_2_0,1
17,17,1.54,1,floor_2,floor_2_0,1
17,18,2.42,3,floor_2,floor_2_0,1
17,19,1.87,3,floor_2,floor_2_0,1
17,20,2.22,1,floor_2,floor_2_0,1
17,21,1.53,3,floor_2,floor_2_0,1
17,22,2.83,3,floor_2,floor_2_0,1
17,23,2.14,1,floor_2,floor_2_0,1
17,24,3.37,0,cluster_0,cluster_0_0,3
17,25,3.5,0,cluster_0,cluster_0_0,3
17,26,3.85,0,cluster_0,cluster_0_0,3
17,27,3.92,0,cluster_0,cluster_0_0,3
17,28,3.75,0,cluster_0,cluster_0_0,3
17,29,3.6,0,cluster_0,cluster_0_0,3
17,30,3.05,0,cluster_0,cluster_0_0,3
17,31,4.25,0,cluster_0,cluster_0_0,3
17,32,6.66,0,cluster_0,cluster_0_-1,2
17,33,3.58,0,cluster_0,cluster_0_0,3
17,34,3.02,0,cluster_0,cluster_0_0,3
17,35,3.02,0,cluster_0,cluster_0_0,3
17,36,3.26,0,cluster_0,cluster_0_0,3
17,37,2.85,0,cluster_0,cluster_0_0,3
17,38,2.48,1,floor_2,floor_2_0,1
17,39,1.82,1,floor_2,floor_2_0,1
18,0,2.65,3,floor_2,floor_2_0,1
18,1,1.43,2,cluster_2,cluster_2_0,0
18,2,2.94,3,floor_2,floor_2_0,1
18,3,1.95,3,floor_2,floor_2_0,1
18,4,2.08,3,floor_2,floor_2_0,1
18,5,2.13,3,floor_2,floor_2_0,1
18,6,1.93,3,floor_2,floor_2_0,1
18,7,2.1,3,floor_2,floor_2_0,1
18,8,1.67,3,floor_2,floor_2_0,1
18,9,2.08,3,floor_2,floor_2_0,1
18,10,2.92,3,floor_2,floor_2_0,1
18,11,2.26,3,floor_2,floor_2_0,1
18,12,2.21,3,floor_2,floor_2_0,1
18,13,1.7,3,floor_2,floor_2_0,1
18,14,2.64,3,floor_2,floor_2_0,1
18,15,1.98,3,floor_2,floor_2_0,1
18,16,2.38,3,floor_2,floor_2_0,1
18,17,2.12,3,floor_2,floor_2_0,1
18,18,2.1,3,floor_2,floor_2_0,1
18,19,1.6,3,floor_2,floor_2_0,1
18,20,1.77,3,floor_2,floor_2_0,1
18,21,2.35,3,floor_2,floor_2_0,1
18,22,1.53,3,floor_2,floor_2_0,1
18,23,2.06,3,floor_2,floor_2_0,1
18,24,3.14,0,cluster_0,cluster_0_0,3
18,25,4.18,0,cluster_0,cluster_0_0,3
18,26,3.72,0,cluster_0,cluster_0_0,3
18,27,3.71,0,cluster_0,cluster_0_0,3
18,28,3.74,0,cluster_0,cluster_0_0,3
18,29,4.41,0,cluster_0,cluster_0_0,3
18,30,3.27,0,cluster_0,cluster_0_0,3
18,31,3.17,0,cluster_0,cluster_0_0,3
18,32,4.59,0,cluster_0,cluster_0_0,3
18,33,3.43,0,cluster_0,cluster_0_0,3
18,34,3.44,0,cluster_0,cluster_0_0,3
18,35,4.38,0,cluster_0,cluster_0_0,3
18,36,3.45,0,cluster_0,cluster_0_0,3
18,37,1.55,1,floor_2,floor_2_0,1
18,38,2.31,1,floor_2,floor_2_0,1
18,39,2.23,1,floor_2,floor_2_0,1
19,0,2.85,3,floor_2,floor_2_0,1
19,1,1.67,3,floor_2,floor_2_0,1
19,2,2.68,3,floor_2,floor_2_0,1
19,3,2.9,3,floor_2,floor_2_0,1
19,4,2.34,3,floor_2,floor_2_0,1
19,5,2.73,3,floor_2,floor_2_0,1
19,6,2.47,3,floor_2,floor_2_0,1
19,7,2.69,3,floor_2,floor_2_0,1
19,8,2.18,3,floor_2,floor_2_0,1
19,9,2.25,3,floor_2,floor_2_0,1
19,10,2.53,3,floor_2,floor_2_0,1
19,11,2.97,3,floor_2,floor_2_0,1
19,12,2.11,3,floor_2,floor_2_0,1
19,13,2.06,3,floor_2,floor_2_0,1
19,14,2.03,3,floor_2,floor_2_0,1
19,15,1.69,3,floor_2,floor_2_0,1
19,16,2.62,3,floor_2,floor_2_0,1
19,17,1.78,3,floor_2,floor_2_0,1
19,18,1.73,3,floor_2,floor_2_0,1
19,19,2.52,3,floor_2,floor_2_0,1
19,20,2.95,3,floor_2,floor_2_0,1
19,21,1.7,3,floor_2,floor_2_0,1
19,22,1.74,3,floor_2,floor_2_0,1
19,23,1.98,3,floor_2,floor_2_0,1
19,24,3.13,0,cluster_0,cluster_0_0,3
19,25,3.82,0,cluster_0,cluster_0_0,3
19,26,3.15,0,cluster_0,cluster_0_0,3
19,27,3.18,0,cluster_0,cluster_0_0,3
19,28,3.19,0,cluster_0,cluster_0_0,3
19,29,3.13,0,cluster_0,cluster_0_0,3
19,30,3.06,0,cluster_0,cluster_0_0,3
19,31,3.14,0,cluster_0,cluster_0_0,3
19,32,3.59,0,cluster_0,cluster_0_0,3
19,33,3.08,0,cluster_0,cluster_0_0,3
19,34,3.02,0,cluster_0,cluster_0_0,3
19,35,3.06,0,cluster_0,cluster_0_0,3
19,36,3.56,0,cluster_0,cluster_0_0,3
19,37,3.92,0,cluster_0,cluster_0_0,3
19,38,2.27,1,floor_2,floor_2_0,1
19,39,2.68,1,floor_2,floor_2_0,1
20,0,1.7,3,floor_2,floor_2_0,1
20,1,1.74,3,floor_2,floor_2_0,1
20,2,2.97,3,floor_2,floor_2_0,1
20,3,2.28,3,floor_2,floor_2_0,1
20,4,1.91,3,floor_2,floor_2_0,1
20,5,1.78,3,floor_2,floor_2_0,1
20,6,2.51,3,floor_2,floor_2_0,1
20,7,2.05,3,floor_2,floor_2_0,1
20,8,2.34,3,floor_2,floor_2_0,1
20,9,1.7,3,floor_2,floor_2_0,1
20,10,1.8,3,floor_2,floor_2_0,1
20,11,1.72,3,floor_2,floor_2_0,1
20,12,1.82,3,floor_2,floor_2_0,1
20,13,1.81,3,floor_2,floor_2_0,1
20,14,1.91,3,floor_2,floor_2_0,1
20,15,1.8,3,floor_2,floor_2_0,1
20,16,2.12,3,floor_2,floor_2_0,1
20,17,1.68,3,floor_2,floor_2_0,1
20,18,1.7,3,floor_2,floor_2_0,1
20,19,2.36,3,floor_2,floor_2_0,1
20,20,1.98,3,floor_2,floor_2_0,1
20,21,2.62,3,floor_2,floor_2_0,1
20,22,2.09,3,floor_2,floor_2_0,1
20,23,2.3,3,floor_2,floor_2_0,1
20,24,3.32,0,cluster_0,cluster_0_0,3
20,25,3.48,0,cluster_0,cluster_0_0,3
20,26,3.45,0,cluster_0,cluster_0_0,3
20,27,3.06,0,cluster_0,cluster_0_0,3
20,28,3.02,0,cluster_0,cluster_0_0,3
20,29,3.8,0,cluster_0,cluster_0_0,3
20,30,5.45,0,cluster_0,cluster_0_-1,2
20,31,4.0,0,cluster_0,cluster_0_0,3
20,32,3.44,0,cluster_0,cluster_0_0,3
20,33,3.52,0,cluster_0,cluster_0_0,3
20,34,3.39,0,cluster_0,cluster_0_0,3
20,35,4.9,0,cluster_0,cluster_0_-1,2
20,36,3.11,0,cluster_0,cluster_0_0,3
20,37,3.75,0,cluster_0,cluster_0_0,3
20,38,2.37,1,floor_2,floor_2_0,1
20,39,2.04,1,floor_2,floor_2_0,1
21,0,2.58,3,floor_2,floor_2_0,1
21,1,2.59,3,floor_2,floor_2_0,1
21,2,2.26,3,floor_2,floor_2_0,1
21,3,1.6,3,floor_2,floor_2_0,1
21,4,1.52,3,floor_2,floor_2_0,1
21,5,1.6,3,floor_2,floor_2_0,1
21,6,1.74,3,floor_2,floor_2_0,1
21,7,2.08,3,floor_2,floor_2_0,1
21,8,2.21,3,floor_2,floor_2_0,1
21,9,2.77,3,floor_2,floor_2_0,1
21,10,2.49,3,floor_2,floor_2_0,1
21,11,1.93,3,floor_2,floor_2_0,1
21,12,1.91,3,floor_2,floor_2_0,1
21,13,2.6,3,floor_2,floor_2_0,1
21,14,2.15,3,floor_2,floor_2_0,1
21,15,2.97,3,floor_2,floor_2_0,1
21,16,2.2,3,floor_2,floor_2_0,1
21,17,1.88,3,floor_2,floor_2_0,1
21,18,1.86,3,floor_2,floor_2_0,1
21,19,1.59,3,floor_2,floor_2_0,1
21,20,1.57,3,floor_2,floor_2_0,1
21,21,2.04,3,floor_2,floor_2_0,1
21,22,2.6,3,floor_2,floor_2_0,1
21,23,2.59,3,floor_2,floor_2_0,1
21,24,3.15,0,cluster_0,cluster_0_0,3
21,25,3.3,0,cluster_0,cluster_0_0,3
21,26,3.34,0,cluster_0,cluster_0_0,3
21,27,4.74,0,cluster_0,cluster_0_-1,2
21,28,3.02,0,cluster_0,cluster_0_0,3
21,29,3.5,0,cluster_0,cluster_0_0,3
21,30,3.73,0,cluster_0,cluster_0_0,3
21,31,3.26,0,cluster_0,cluster_0_0,3
21,32,3.07,0,cluster_0,cluster_0_0,3
21,33,4.3,0,cluster_0,cluster_0_0,3
21,34,3.05,0,cluster_0,cluster_0_0,3
21,35,3.46,0,cluster_0,cluster_0_0,3
21,36,3.96,0,cluster_0,cluster_0_0,3
21,37,3.1,0,cluster_0,cluster_0_0,3
21,38,2.32,1,floor_2,floor_2_0,1
21,39,2.85,0,cluster_0,cluster_0_0,3
22,0,1.55,3,floor_2,floor_2_0,1
22,1,2.34,3,floor_2,floor_2_0,1
22,2,1.52,3,floor_2,floor_2_0,1
22,3,2.12,3,floor_2,floor_2_0,1
22,4,2.49,3,floor_2,floor_2_0,1
22,5,2.78,3,floor_2,floor_2_0,1
22,6,1.91,3,floor_2,floor_2_0,1
22,7,1.66,3,floor_2,floor_2_0,1
22,8,1.75,3,floor_2,floor_2_0,1
22,9,2.42,3,floor_2,floor_2_0,1
22,10,2.09,3,floor_2,floor_2_0,1
22,11,2.83,3,floor_2,floor_2_0,1
22,12,2.0,3,floor_2,floor_2_0,1
22,13,2.07,3,floor_2,floor_2_0,1
22,14,1.67,3,floor_2,floor_2_0,1
22,15,2.07,3,floor_2,floor_2_0,1
22,16,1.69,3,floor_2,floor_2_0,1
22,17,2.5,3,floor_2,floor_2_0,1
22,18,1.54,3,floor_2,floor_2_0,1
22,19,2.18,3,floor_2,floor_2_0,1
22,20,2.04,3,floor_2,floor_2_0,1
22,21,2.08,3,floor_2,floor_2_0,1
22,22,2.44,3,floor_2,floor_2_0,1
22,23,1.73,3,floor_2,floor_2_0,1
22,24,3.93,0,cluster_0,cluster_0_-1,2
22,25,3.27,0,cluster_0,cluster_0_0,3
22,26,3.0,0,cluster_0,cluster_0_0,3
22,27,3.44,0,cluster_0,cluster_0_0,3
22,28,3.01,0,cluster_0,cluster_0_0,3
22,29,3.43,0,cluster_0,cluster_0_0,3
22,30,3.1,0,cluster_0,cluster_0_0,3
22,31,3.0,0,cluster_0,cluster_0_0,3
22,32,4.04,0,cluster_0,cluster_0_0,3
22,33,3.03,0,cluster_0,cluster_0_0,3
22,34,3.36,0,cluster_0,cluster_0_0,3
22,35,3.16,0,cluster_0,cluster_0_0,3
22,36,3.82,0,cluster_0,cluster_0_0,3
22,37,4.95,0,cluster_0,cluster_0_-1,2
22,38,1.69,1,floor_2,floor_2_-1,6
22,39,1.58,1,floor_2,floor_2_-1,6
23,0,2.71,3,floor_2,floor_2_0,1
23,1,2.55,3,floor_2,floor_2_0,1
23,2,2.8,3,floor_2,floor_2_0,1
23,3,1.87,3,floor_2,floor_2_0,1
23,4,2.3,3,floor_2,floor_2_0,1
23,5,2.86,3,floor_2,floor_2_0,1
23,6,2.74,3,floor_2,floor_2_0,1
23,7,2.95,3,floor_2,floor_2_0,1
23,8,2.13,3,floor_2,floor_2_0,1
23,9,1.71,3,floor_2,floor_2_0,1
23,10,1.65,3,floor_2,floor_2_0,1
23,11,2.0,3,floor_2,floor_2_0,1
23,12,2.71,3,floor_2,floor_2_0,1
23,13,2.14,3,floor_2,floor_2_0,1
23,14,2.17,3,floor_2,floor_2_0,1
23,15,2.08,3,floor_2,floor_2_0,1
23,16,2.03,3,floor_2,floor_2_0,1
23,17,2.85,3,floor_2,floor_2_0,1
23,18,1.62,3,floor_2,floor_2_0,1
23,19,2.46,3,floor_2,floor_2_0,1
23,20,1.67,3,floor_2,floor_2_0,1
23,21,1.79,3,floor_2,floor_2_0,1
23,22,2.04,3,floor_2,floor_2_0,1
23,23,1.65,3,floor_2,floor_2_0,1
23,24,3.25,0,cluster_0,cluster_0_0,3
23,25,3.03,0,cluster_0,cluster_0_0,3
23,26,3.06,0,cluster_0,cluster_0_0,3
23,27,4.24,0,cluster_0,cluster_0_-1,2
23,28,3.69,0,cluster_0,cluster_0_0,3
23,29,3.35,0,cluster_0,cluster_0_0,3
23,30,4.44,0,cluster_0,cluster_0_0,3
23,31,3.59,0,cluster_0,cluster_0_0,3
23,32,3.34,0,cluster_0,cluster_0_0,3
23,33,3.22,0,cluster_0,cluster_0_0,3
23,34,3.16,0,cluster_0,cluster_0_0,3
23,35,3.06,0,cluster_0,cluster_0_0,3
23,36,3.49,0,cluster_0,cluster_0_0,3
23,37,4.3,0,cluster_0,cluster_0_-1,2
23,38,2.87,0,cluster_0,cluster_0_0,3
23,39,1.66,1,floor_2,floor_2_-1,6
